entry_time,exit_time,side,qty,entry_price,exit_price,gross_pnl,fees,financing,net_pnl,return_pct,bars_held,duration,exit_reason,mae_pct,mfe_pct
2021-02-04 00:00:00+00:00,2021-05-16 00:00:00+00:00,long,0.40698505751551534,47754.769372255214,46762.99,3368.815368378731,108.52439282726921,13.228713742900968,3247.0622618085604,16.706881793102397,101,101 days,signal,-24.275731041411884,35.80633066082646
2021-05-16 00:00:00+00:00,2021-05-17 00:00:00+00:00,short,0.1414283114666542,46762.99,46426.83,47.54254118262994,19.76951833272216,1.799103738044919,25.97391911186286,0.39273432065803887,1,1 days,signal,-6.48568451247451,6.281890871392093
2021-06-08 00:00:00+00:00,2021-06-10 00:00:00+00:00,short,0.19747254289797186,33556.96,37388.05,-756.5350843709917,21.014537295933067,3.828741573202895,-781.3783632401278,-11.79158137020495,2,2 days,signal,-11.853964125475013,7.6197605504193415
2021-06-12 00:00:00+00:00,2021-06-14 00:00:00+00:00,short,0.16705447173023863,37331.98,39020.56,-282.0848398742454,19.13254985244287,3.4127937907062327,-304.6301835173945,-4.884653954591357,2,2 days,signal,-5.485966723436575,7.317104530753527
2021-06-14 00:00:00+00:00,2021-06-22 00:00:00+00:00,long,0.01670654220372298,39020.56,31614.12,-123.73600243934202,1.7700918936997012,0.0,-125.50609433304172,-19.25239417373815,8,8 days,signal,-19.910862376142212,5.9185209028266295
2021-06-24 00:00:00+00:00,2021-06-25 00:00:00+00:00,short,0.1788185793718753,33675.07,34663.08,-176.6745446052069,18.330196349853182,1.6981930165587555,-196.70293397161882,-3.2665528593891664,1,1 days,signal,-4.819381221776231,4.123228251641353
2021-07-05 00:00:00+00:00,2021-07-25 00:00:00+00:00,short,0.16786165820925522,35288.13,34261.51,172.3301355507848,17.512076847385117,30.094566448752424,124.72349225464725,2.1055623628557587,20,20 days,signal,-0.016011049607911332,17.031591076092724
2021-07-25 00:00:00+00:00,2022-01-01 00:00:00+00:00,long,0.4139744794855335,52298.6248252817,46216.93,2002.5167180060212,203.42510692086486,84.73927453217165,1714.3523365529845,7.918378286173495,160,160 days,signal,-35.27340324322253,31.934635433558633
2022-01-01 00:00:00+00:00,2022-01-25 00:00:00+00:00,short,0.14803416605770853,46216.93,36660.35,1414.7003506637764,18.40300354489681,40.982264002366094,1355.3150831165135,19.809668882264457,24,24 days,signal,-3.8364080002717627,28.776814037626476
2022-02-05 00:00:00+00:00,2022-02-21 00:00:00+00:00,long,0.031003208987938062,41571.7,38386.89,-98.73933001687494,3.7184593142262816,0.0,-102.45778933110122,-7.949513455066784,16,16 days,signal,-8.591662116295451,10.221617109716474
2022-02-21 00:00:00+00:00,2022-02-28 00:00:00+00:00,short,0.19452409667918616,38386.89,37699.08,133.79561893691059,22.20083187631449,14.221612473968658,97.37317458662744,1.3040162211558635,7,7 days,signal,-5.109973743640084,10.588536867664978
2022-03-01 00:00:00+00:00,2022-03-07 00:00:00+00:00,long,0.044778299295179194,43160.0,38420.8,-212.21331601971312,5.4795742187102325,0.0,-217.69289023842336,-11.264066728452265,6,6 days,signal,-11.75030120481928,5.1899907321594
2022-03-10 00:00:00+00:00,2022-03-14 00:00:00+00:00,long,0.03027510778755347,41941.7,37777.35,-126.07614511509824,3.620254247207047,0.0,-129.6963993623053,-10.21400795628217,4,4 days,signal,-10.402987957092813,0.23349077409833274
2022-03-15 00:00:00+00:00,2022-03-19 00:00:00+00:00,short,0.18507942315341358,39671.37,41757.51,-386.1015878172621,22.606215207642805,8.268726962459489,-416.9765299873644,-5.679057620384397,4,4 days,signal,-6.689080815711668,3.9651769021337047
2022-03-19 00:00:00+00:00,2022-04-12 00:00:00+00:00,long,0.11626665765018641,43522.50671273785,39530.45,-464.1430911400205,14.484434527433464,0.0,-478.62752566745394,-9.458637515936397,24,24 days,signal,-9.931658443452596,10.723953282534948
2022-04-12 00:00:00+00:00,2022-05-10 00:00:00+00:00,short,0.174428141963334,39530.45,30074.23,1649.430884596518,18.211522506528652,51.84181148930321,1579.3775506006862,22.905387734653726,28,28 days,signal,-8.716192201201856,24.024821371879135
2022-05-27 00:00:00+00:00,2022-05-31 00:00:00+00:00,short,0.263129237543826,29201.35,31734.23,-666.4747831900063,24.05089905703622,8.568890128857175,-699.0945723758997,-9.098376269477695,4,4 days,signal,-10.344213538072733,3.1452312992378717
2022-05-31 00:00:00+00:00,2022-06-12 00:00:00+00:00,long,0.024763836164298763,31734.23,28424.71,-81.95641106247005,2.2346492009668193,0.0,-84.19106026343687,-10.713221685227593,12,12 days,signal,-11.452113380409724,2.094804253955429
2022-06-12 00:00:00+00:00,2022-06-13 00:00:00+00:00,short,0.2565610248540335,28424.71,26574.53,474.68407696443575,21.16599207088943,1.8679420963874682,451.6501427971588,6.193204598566935,1,1 days,signal,-0.4230474119172989,6.560172469657555
2022-07-08 00:00:00+00:00,2022-07-13 00:00:00+00:00,long,0.029799490192658314,21624.99,19331.28,-68.35138864980239,1.830713949289299,0.0,-70.18210259909169,-10.89084621542023,5,5 days,signal,-11.02886059138063,4.172857420974507
2022-07-17 00:00:00+00:00,2022-08-20 00:00:00+00:00,long,0.265249417497686,23825.57218965425,20834.39,-793.4093334352426,17.769043434411707,0.0,-811.1783768696544,-12.83567130558433,34,34 days,signal,-13.091279255860389,5.816220484927048
2022-09-10 00:00:00+00:00,2022-09-19 00:00:00+00:00,long,0.047335490743915784,21361.62,19417.45,-92.02824103959867,2.895445935795741,0.0,-94.9236869753944,-9.387577370068367,9,9 days,signal,-9.557374393889607,6.728796786011548
2022-10-05 00:00:00+00:00,2022-11-09 00:00:00+00:00,long,0.21782428162445955,20697.847837747227,18545.38,-468.8597604770434,12.822191868573425,0.0,-481.6819523456168,-10.683877361737002,35,35 days,signal,-17.059830883999506,3.7820461740237343
2022-12-01 00:00:00+00:00,2022-12-29 00:00:00+00:00,long,0.06357468294036983,17165.53,16547.32,-39.30250474056598,3.2149256246493705,0.0,-42.51743036521535,-3.896059574041694,28,28 days,signal,-5.296836159442786,7.121364735024205
2023-01-09 00:00:00+00:00,2023-08-18 00:00:00+00:00,long,1.0407679776839556,28842.616212145513,26623.41,4840.511981878282,402.8971157622401,139.36294931915094,4298.251916796891,14.31869020651122,221,221 days,signal,-40.69657248083725,10.268083054849143
2023-09-01 00:00:00+00:00,2023-09-19 00:00:00+00:00,short,0.3436655338386658,25940.77,26762.5,-282.40027912124674,27.168446129390013,44.170869705073905,-353.7395949557107,-3.967937584482829,18,18 days,signal,-5.659932222520769,4.008246478419874
2023-09-19 00:00:00+00:00,2024-07-05 00:00:00+00:00,long,0.9330206692374425,66576.95534955863,57050.02,20965.554147605253,972.7859906471596,165.38835892711248,19827.37979803098,31.919062744785936,290,290 days,signal,-60.96177744455491,10.814619882567378
2024-07-15 00:00:00+00:00,2024-08-05 00:00:00+00:00,long,0.8416152186713205,67722.65423962823,58161.0,-3570.196610506452,368.0518653370901,12.515532333521165,-3950.7640081770633,-6.931600710661323,21,21 days,signal,-15.651903131442335,3.480867350577599
2024-08-22 00:00:00+00:00,2024-09-02 00:00:00+00:00,long,0.02335678373725009,61156.03,57301.77,-90.02311728713357,4.150189824885635,0.0,-94.1733071120192,-6.592884953454307,11,11 days,signal,-6.467113708983396,6.2855126469131495
2024-09-13 00:00:00+00:00,2024-09-14 00:00:00+00:00,short,0.2858607514178797,58132.31,60497.99,-676.2550624142498,50.86762004839274,4.738083216240791,-731.8607656788832,-4.404091708243743,1,1 days,signal,-4.287959656170548,0.8595736174942914
2024-09-14 00:00:00+00:00,2024-12-31 00:00:00+00:00,long,0.7704714357045005,92705.74885369129,93576.0,17216.616261446525,699.1296697352623,185.62018625640547,16331.866405454857,22.865073931114754,108,108 days,end_of_data,-37.98302617593193,16.878404349015398
