timestamp,equity,cash,position
2025-01-01 00:00:00+00:00,10000.0,10000.0,0.0
2025-01-02 00:00:00+00:00,10091.932450301898,6571.4285714285725,1.0187615943864217
2025-01-03 00:00:00+00:00,10248.149353185112,6571.4285714285725,1.0187615943864217
2025-01-04 00:00:00+00:00,10296.917470708391,6571.4285714285725,1.0187615943864217
2025-01-05 00:00:00+00:00,10249.53749721872,2947.564653551316,2.0082488795809135
2025-01-06 00:00:00+00:00,10352.881984561955,2947.564653551316,2.0082488795809135
2025-01-07 00:00:00+00:00,9738.076672567055,2947.564653551316,2.0082488795809135
2025-01-08 00:00:00+00:00,9566.046196264931,-685.5413598698303,3.081062232668256
2025-01-09 00:00:00+00:00,9339.262694485715,2738.246643209358,2.050514429447179
2025-01-10 00:00:00+00:00,9394.74800553039,5338.809654635039,1.2414718983836597
2025-01-11 00:00:00+00:00,9414.350846805868,5338.809654635039,1.2414718983836597
2025-01-12 00:00:00+00:00,9395.07078822397,5338.809654635039,1.2414718983836597
2025-01-13 00:00:00+00:00,9233.940150532755,5338.809654635039,1.2414718983836597
2025-01-14 00:00:00+00:00,9343.338654218323,5338.809654635039,1.2414718983836597
2025-01-15 00:00:00+00:00,9623.774741344208,5338.809654635039,1.2414718983836597
2025-01-16 00:00:00+00:00,9445.660768083104,5338.809654635039,1.2414718983836597
2025-01-17 00:00:00+00:00,9651.22368501747,5338.809654635039,1.2414718983836597
2025-01-18 00:00:00+00:00,9445.238667637654,5338.809654635039,1.2414718983836597
2025-01-19 00:00:00+00:00,9330.29078456631,5338.809654635039,1.2414718983836597
2025-01-20 00:00:00+00:00,9415.803368926978,5338.809654635039,1.2414718983836597
2025-01-21 00:00:00+00:00,9469.857055382603,5338.809654635039,1.2414718983836597
2025-01-22 00:00:00+00:00,9364.406432333893,5338.809654635039,1.2414718983836597
2025-01-23 00:00:00+00:00,9483.103560538355,5338.809654635039,1.2414718983836597
2025-01-24 00:00:00+00:00,9448.193370755807,5338.809654635039,1.2414718983836597
2025-01-25 00:00:00+00:00,9458.969346833777,5338.809654635039,1.2414718983836597
2025-01-26 00:00:00+00:00,9352.004128069042,5338.809654635039,1.2414718983836597
2025-01-27 00:00:00+00:00,9289.719482927132,5338.809654635039,1.2414718983836597
2025-01-28 00:00:00+00:00,9159.712545728395,5338.809654635039,1.2414718983836597
2025-01-29 00:00:00+00:00,9169.568459702898,7979.831604455187,0.3820729166793122
2025-01-30 00:00:00+00:00,9220.571373350418,7979.831604455187,0.3820729166793122
2025-01-31 00:00:00+00:00,9241.05048168443,7979.831604455187,0.3820729166793122
2025-02-01 00:00:00+00:00,9170.959205119609,7979.831604455187,0.3820729166793122
2025-02-02 00:00:00+00:00,9076.258611991476,7979.831604455187,0.3820729166793122
2025-02-03 00:00:00+00:00,9074.61397148017,9074.61397148017,0.0
2025-02-04 00:00:00+00:00,9074.61397148017,9074.61397148017,0.0
2025-02-05 00:00:00+00:00,9074.61397148017,9074.61397148017,0.0
2025-02-06 00:00:00+00:00,9074.61397148017,9074.61397148017,0.0
2025-02-07 00:00:00+00:00,9074.61397148017,9074.61397148017,0.0
2025-02-08 00:00:00+00:00,9074.61397148017,9074.61397148017,0.0
2025-02-09 00:00:00+00:00,9074.61397148017,9074.61397148017,0.0
2025-02-10 00:00:00+00:00,9074.61397148017,9074.61397148017,0.0
2025-02-11 00:00:00+00:00,9074.61397148017,9074.61397148017,0.0
2025-02-12 00:00:00+00:00,9074.61397148017,9074.61397148017,0.0
2025-02-13 00:00:00+00:00,9074.61397148017,9074.61397148017,0.0
2025-02-14 00:00:00+00:00,9074.61397148017,9074.61397148017,0.0
2025-02-15 00:00:00+00:00,9074.61397148017,9074.61397148017,0.0
2025-02-16 00:00:00+00:00,9074.61397148017,9074.61397148017,0.0
2025-02-17 00:00:00+00:00,9074.61397148017,9074.61397148017,0.0
2025-02-18 00:00:00+00:00,9074.61397148017,9074.61397148017,0.0
2025-02-19 00:00:00+00:00,9074.61397148017,9074.61397148017,0.0
2025-02-20 00:00:00+00:00,9074.61397148017,9074.61397148017,0.0
2025-02-21 00:00:00+00:00,9074.61397148017,9074.61397148017,0.0
2025-02-22 00:00:00+00:00,9074.61397148017,9074.61397148017,0.0
2025-02-23 00:00:00+00:00,9074.61397148017,9074.61397148017,0.0
2025-02-24 00:00:00+00:00,8994.45837274252,8345.403920200513,0.2582252986019628
2025-02-25 00:00:00+00:00,8993.484791063705,8993.484791063705,0.0
2025-02-26 00:00:00+00:00,8993.484791063705,8993.484791063705,0.0
2025-02-27 00:00:00+00:00,8993.484791063705,8993.484791063705,0.0
2025-02-28 00:00:00+00:00,8993.484791063705,8993.484791063705,0.0
2025-03-01 00:00:00+00:00,8993.484791063705,8993.484791063705,0.0
2025-03-02 00:00:00+00:00,8993.484791063705,8993.484791063705,0.0
2025-03-03 00:00:00+00:00,8993.484791063705,8993.484791063705,0.0
2025-03-04 00:00:00+00:00,8993.484791063705,8993.484791063705,0.0
2025-03-05 00:00:00+00:00,8993.484791063705,8993.484791063705,0.0
2025-03-06 00:00:00+00:00,8993.484791063705,8993.484791063705,0.0
2025-03-07 00:00:00+00:00,8993.484791063705,8993.484791063705,0.0
2025-03-08 00:00:00+00:00,8993.484791063705,8993.484791063705,0.0
2025-03-09 00:00:00+00:00,8993.484791063705,8993.484791063705,0.0
2025-03-10 00:00:00+00:00,8993.484791063705,8993.484791063705,0.0
2025-03-11 00:00:00+00:00,8993.484791063705,8993.484791063705,0.0
2025-03-12 00:00:00+00:00,8993.484791063705,8993.484791063705,0.0
2025-03-13 00:00:00+00:00,8993.484791063705,8993.484791063705,0.0
2025-03-14 00:00:00+00:00,8993.484791063705,8993.484791063705,0.0
2025-03-15 00:00:00+00:00,8993.484791063705,8993.484791063705,0.0
2025-03-16 00:00:00+00:00,8993.484791063705,8993.484791063705,0.0
2025-03-17 00:00:00+00:00,8993.484791063705,8993.484791063705,0.0
2025-03-18 00:00:00+00:00,8993.484791063705,8993.484791063705,0.0
2025-03-19 00:00:00+00:00,8993.484791063705,8993.484791063705,0.0
2025-03-20 00:00:00+00:00,8993.484791063705,8993.484791063705,0.0
2025-03-21 00:00:00+00:00,8993.484791063705,8993.484791063705,0.0
2025-03-22 00:00:00+00:00,8993.484791063705,8993.484791063705,0.0
2025-03-23 00:00:00+00:00,8993.484791063705,8993.484791063705,0.0
2025-03-24 00:00:00+00:00,8993.484791063705,8993.484791063705,0.0
2025-03-25 00:00:00+00:00,8993.484791063705,8993.484791063705,0.0
2025-03-26 00:00:00+00:00,8993.484791063705,8993.484791063705,0.0
2025-03-27 00:00:00+00:00,8993.484791063705,8993.484791063705,0.0
2025-03-28 00:00:00+00:00,8993.484791063705,8993.484791063705,0.0
2025-03-29 00:00:00+00:00,8993.484791063705,8993.484791063705,0.0
2025-03-30 00:00:00+00:00,8993.484791063705,8993.484791063705,0.0
2025-03-31 00:00:00+00:00,8993.484791063705,8993.484791063705,0.0
2025-04-01 00:00:00+00:00,8993.484791063705,8993.484791063705,0.0
2025-04-02 00:00:00+00:00,8993.484791063705,8993.484791063705,0.0
2025-04-03 00:00:00+00:00,8993.484791063705,8993.484791063705,0.0
2025-04-04 00:00:00+00:00,8993.484791063705,8993.484791063705,0.0
2025-04-05 00:00:00+00:00,8993.484791063705,8993.484791063705,0.0
2025-04-06 00:00:00+00:00,8993.484791063705,8993.484791063705,0.0
2025-04-07 00:00:00+00:00,8993.484791063705,8993.484791063705,0.0
2025-04-08 00:00:00+00:00,8993.484791063705,8993.484791063705,0.0
2025-04-09 00:00:00+00:00,8993.484791063705,8993.484791063705,0.0
2025-04-10 00:00:00+00:00,8993.484791063705,8993.484791063705,0.0
2025-04-11 00:00:00+00:00,8993.484791063705,8993.484791063705,0.0
2025-04-12 00:00:00+00:00,8993.484791063705,8993.484791063705,0.0
2025-04-13 00:00:00+00:00,8993.484791063705,8993.484791063705,0.0
2025-04-14 00:00:00+00:00,8993.484791063705,8993.484791063705,0.0
2025-04-15 00:00:00+00:00,8993.484791063705,8993.484791063705,0.0
2025-04-16 00:00:00+00:00,8993.484791063705,8993.484791063705,0.0
2025-04-17 00:00:00+00:00,8993.484791063705,8993.484791063705,0.0
2025-04-18 00:00:00+00:00,8993.484791063705,8993.484791063705,0.0
2025-04-19 00:00:00+00:00,8993.484791063705,8993.484791063705,0.0
2025-04-20 00:00:00+00:00,8993.484791063705,8993.484791063705,0.0
2025-04-21 00:00:00+00:00,8993.484791063705,8993.484791063705,0.0
2025-04-22 00:00:00+00:00,8993.484791063705,8993.484791063705,0.0
2025-04-23 00:00:00+00:00,9001.41436780609,8608.049728589547,0.21913610010559037
2025-04-24 00:00:00+00:00,8995.843928141405,8608.049728589547,0.21913610010559037
2025-04-25 00:00:00+00:00,8999.120012837984,8608.049728589547,0.21913610010559037
2025-04-26 00:00:00+00:00,9007.070270549815,8608.049728589547,0.21913610010559037
2025-04-27 00:00:00+00:00,9000.58603334769,8608.049728589547,0.21913610010559037
2025-04-28 00:00:00+00:00,9002.468412447597,8608.049728589547,0.21913610010559037
2025-04-29 00:00:00+00:00,9002.014800720379,8608.049728589547,0.21913610010559037
2025-04-30 00:00:00+00:00,9001.094429099936,8608.049728589547,0.21913610010559037
2025-05-01 00:00:00+00:00,9010.845985554633,8608.049728589547,0.21913610010559037
2025-05-02 00:00:00+00:00,9011.742252204065,8608.049728589547,0.21913610010559037
2025-05-03 00:00:00+00:00,9009.840150855149,8608.049728589547,0.21913610010559037
2025-05-04 00:00:00+00:00,9004.436254626546,8608.049728589547,0.21913610010559037
2025-05-05 00:00:00+00:00,9006.919066640741,8608.049728589547,0.21913610010559037
2025-05-06 00:00:00+00:00,9006.220022481404,8608.049728589547,0.21913610010559037
2025-05-07 00:00:00+00:00,9004.929310851783,8608.049728589547,0.21913610010559037
2025-05-08 00:00:00+00:00,9091.768564601627,8608.049728589547,0.21913610010559037
2025-05-09 00:00:00+00:00,9329.273260967017,5196.021900883519,1.7625504725222156
2025-05-10 00:00:00+00:00,9749.095158017082,5196.021900883519,1.7625504725222156
2025-05-11 00:00:00+00:00,9628.078442573707,5196.021900883519,1.7625504725222156
2025-05-12 00:00:00+00:00,9594.413728548532,5196.021900883519,1.7625504725222156
2025-05-13 00:00:00+00:00,9919.146027606026,5196.021900883519,1.7625504725222156
2025-05-14 00:00:00+00:00,9795.820371043646,5196.021900883519,1.7625504725222156
2025-05-15 00:00:00+00:00,9688.216664696165,5196.021900883519,1.7625504725222156
2025-05-16 00:00:00+00:00,9667.823955729084,5196.021900883519,1.7625504725222156
2025-05-17 00:00:00+00:00,9558.475324413805,5196.021900883519,1.7625504725222156
2025-05-18 00:00:00+00:00,9598.485220140059,5196.021900883519,1.7625504725222156
2025-05-19 00:00:00+00:00,9651.996252485833,5196.021900883519,1.7625504725222156
2025-05-20 00:00:00+00:00,9645.034178119371,5196.021900883519,1.7625504725222156
2025-05-21 00:00:00+00:00,9692.270530782966,5196.021900883519,1.7625504725222156
2025-05-22 00:00:00+00:00,9892.90165107017,5196.021900883519,1.7625504725222156
2025-05-23 00:00:00+00:00,9649.105669710898,5196.021900883519,1.7625504725222156
2025-05-24 00:00:00+00:00,9655.979616553734,5196.021900883519,1.7625504725222156
2025-05-25 00:00:00+00:00,9692.675917391647,5196.021900883519,1.7625504725222156
2025-05-26 00:00:00+00:00,9714.672547288723,5196.021900883519,1.7625504725222156
2025-05-27 00:00:00+00:00,9885.833823675355,5196.021900883519,1.7625504725222156
2025-05-28 00:00:00+00:00,9922.477247999093,5196.021900883519,1.7625504725222156
2025-05-29 00:00:00+00:00,9833.979588773753,5196.021900883519,1.7625504725222156
2025-05-30 00:00:00+00:00,9757.860990674722,7936.150583747902,0.7196624739967055
2025-05-31 00:00:00+00:00,9755.500497760013,7936.150583747902,0.7196624739967055
2025-06-01 00:00:00+00:00,9763.524734345076,7936.150583747902,0.7196624739967055
2025-06-02 00:00:00+00:00,9885.472830916991,5058.848346750419,1.8511183450882576
2025-06-03 00:00:00+00:00,9859.464618168502,5058.848346750419,1.8511183450882576
2025-06-04 00:00:00+00:00,9885.972632870165,5058.848346750419,1.8511183450882576
2025-06-05 00:00:00+00:00,9527.466542976925,5058.848346750419,1.8511183450882576
2025-06-06 00:00:00+00:00,9642.402481023455,5058.848346750419,1.8511183450882576
2025-06-07 00:00:00+00:00,9732.237254310588,5058.848346750419,1.8511183450882576
2025-06-08 00:00:00+00:00,9704.840702803282,5058.848346750419,1.8511183450882576
2025-06-09 00:00:00+00:00,10020.08615697181,5058.848346750419,1.8511183450882576
2025-06-10 00:00:00+00:00,10272.338053856987,5058.848346750419,1.8511183450882576
2025-06-11 00:00:00+00:00,10189.426463180485,5058.848346750419,1.8511183450882576
2025-06-12 00:00:00+00:00,9950.706241397904,5058.848346750419,1.8511183450882576
2025-06-13 00:00:00+00:00,9767.909826568362,2495.0190027540852,2.8198352288176816
2025-06-14 00:00:00+00:00,9631.345206436721,2495.0190027540852,2.8198352288176816
2025-06-15 00:00:00+00:00,9645.874520123489,6534.143764344348,1.2214313634265612
2025-06-16 00:00:00+00:00,9641.672796233303,6534.143764344348,1.2214313634265612
2025-06-17 00:00:00+00:00,9599.875414976845,6534.143764344348,1.2214313634265612
2025-06-18 00:00:00+00:00,9618.257956996415,6534.143764344348,1.2214313634265612
2025-06-19 00:00:00+00:00,9613.51880330632,6534.143764344348,1.2214313634265612
2025-06-20 00:00:00+00:00,9473.506126116732,6534.143764344348,1.2214313634265612
2025-06-21 00:00:00+00:00,9338.220388303607,6534.143764344348,1.2214313634265612
2025-06-22 00:00:00+00:00,9255.126412649697,6534.143764344348,1.2214313634265612
2025-06-23 00:00:00+00:00,9479.82092626565,6534.143764344348,1.2214313634265612
2025-06-24 00:00:00+00:00,9524.757386126112,6534.143764344348,1.2214313634265612
2025-06-25 00:00:00+00:00,9488.163302477851,6534.143764344348,1.2214313634265612
2025-06-26 00:00:00+00:00,9485.073081128383,6534.143764344348,1.2214313634265612
2025-06-27 00:00:00+00:00,9493.879601258688,6534.143764344348,1.2214313634265612
2025-06-28 00:00:00+00:00,9509.08642173335,6534.143764344348,1.2214313634265612
2025-06-29 00:00:00+00:00,9587.83210173346,6534.143764344348,1.2214313634265612
2025-06-30 00:00:00+00:00,9569.974775200162,6534.143764344348,1.2214313634265612
2025-07-01 00:00:00+00:00,9471.698407698863,6534.143764344348,1.2214313634265612
2025-07-02 00:00:00+00:00,9673.723155209615,6534.143764344348,1.2214313634265612
2025-07-03 00:00:00+00:00,9699.177784823425,6534.143764344348,1.2214313634265612
2025-07-04 00:00:00+00:00,9597.5424810727,6534.143764344348,1.2214313634265612
2025-07-05 00:00:00+00:00,9607.765861584581,6534.143764344348,1.2214313634265612
2025-07-06 00:00:00+00:00,9673.64986932781,6534.143764344348,1.2214313634265612
2025-07-07 00:00:00+00:00,9639.37650527006,6534.143764344348,1.2214313634265612
2025-07-08 00:00:00+00:00,9728.492137545662,6534.143764344348,1.2214313634265612
2025-07-09 00:00:00+00:00,10209.463192142262,1394.576113637756,3.1837178927976293
2025-07-10 00:00:00+00:00,10790.65089347247,1394.576113637756,3.1837178927976293
2025-07-11 00:00:00+00:00,10817.2727399828,-5382.4107825302235,5.476159150608482
2025-07-12 00:00:00+00:00,10734.279215799826,-5383.590489003107,5.476159150608482
2025-07-13 00:00:00+00:00,10890.538826341135,-5384.770454041793,5.476159150608482
2025-07-14 00:00:00+00:00,11117.112061753782,-5385.950677702953,5.476159150608482
2025-07-15 00:00:00+00:00,11796.45387705958,-5387.131160043271,5.476159150608482
2025-07-16 00:00:00+00:00,13073.737251284461,-5388.311901119445,5.476159150608482
2025-07-17 00:00:00+00:00,13650.400564987931,-5389.4929009881835,5.476159150608482
2025-07-18 00:00:00+00:00,14032.82425477003,-5390.674159706208,5.476159150608482
2025-07-19 00:00:00+00:00,14278.56275324692,-5391.8556773302535,5.476159150608482
2025-07-20 00:00:00+00:00,15179.194865582314,-5393.037453917065,5.476159150608482
2025-07-21 00:00:00+00:00,15208.898367585407,-5394.219489523403,5.476159150608482
2025-07-22 00:00:00+00:00,15119.440387394963,-5395.401784206038,5.476159150608482
2025-07-23 00:00:00+00:00,14472.509146539494,-5396.584338021755,5.476159150608482
2025-07-24 00:00:00+00:00,14902.02625072926,-5397.7671510273485,5.476159150608482
2025-07-25 00:00:00+00:00,14999.523566370943,-5398.9502232796285,5.476159150608482
2025-07-26 00:00:00+00:00,15086.725443505977,-5400.133554835415,5.476159150608482
2025-07-27 00:00:00+00:00,15802.91870131956,-5401.317145751544,5.476159150608482
2025-07-28 00:00:00+00:00,15401.427617076766,-5402.500996084859,5.476159150608482
2025-07-29 00:00:00+00:00,15371.712718094734,-5403.68510589222,5.476159150608482
2025-07-30 00:00:00+00:00,15459.296888587818,-5404.869475230498,5.476159150608482
2025-07-31 00:00:00+00:00,14846.918136862327,-5406.054104156576,5.476159150608482
2025-08-01 00:00:00+00:00,13694.699356425157,-5407.23899272735,5.476159150608482
2025-08-02 00:00:00+00:00,13177.331446616425,-5408.4241409997285,5.476159150608482
2025-08-03 00:00:00+00:00,13739.095199268071,-5409.6095490306325,5.476159150608482
2025-08-04 00:00:00+00:00,14965.93822094566,-5410.795216876995,5.476159150608482
2025-08-05 00:00:00+00:00,14367.905707402075,-5411.981144595763,5.476159150608482
2025-08-06 00:00:00+00:00,14757.224428783833,-5413.167332243894,5.476159150608482
2025-08-07 00:00:00+00:00,15999.126108337496,-5414.353779878358,5.476159150608482
2025-08-08 00:00:00+00:00,16541.11962680857,-5415.54048755614,5.476159150608482
2025-08-09 00:00:00+00:00,17915.10574493128,-5416.727455334234,5.476159150608482
2025-08-10 00:00:00+00:00,17858.883117532245,-5417.91468326965,5.476159150608482
2025-08-11 00:00:00+00:00,17707.922676613347,-5419.102171419408,5.476159150608482
2025-08-12 00:00:00+00:00,19718.128184210713,-5420.28991984054,5.476159150608482
2025-08-13 00:00:00+00:00,20586.44472539477,-5421.477928590094,5.476159150608482
2025-08-14 00:00:00+00:00,19476.553274627542,-5422.666197725128,5.476159150608482
2025-08-15 00:00:00+00:00,18887.38953704913,-5423.854727302712,5.476159150608482
2025-08-16 00:00:00+00:00,18790.47748501927,-5425.043517379929,5.476159150608482
2025-08-17 00:00:00+00:00,19064.95828602696,-5426.232568013875,5.476159150608482
2025-08-18 00:00:00+00:00,18191.197775721215,-5427.421879261658,5.476159150608482
2025-08-19 00:00:00+00:00,16889.968021448025,-5428.611451180401,5.476159150608482
2025-08-20 00:00:00+00:00,17960.003888630767,17.116061939507745,4.137967193713161
2025-08-21 00:00:00+00:00,17674.138403614234,7189.366811330379,2.481426547767934
2025-08-22 00:00:00+00:00,20197.66969714474,15.727157388421801,4.176666012652201
2025-08-23 00:00:00+00:00,20051.147252110022,8085.096318472988,2.504196160563585
2025-08-24 00:00:00+00:00,20055.52959539101,8085.096318472988,2.504196160563585
2025-08-25 00:00:00+00:00,19043.909472408137,8085.096318472988,2.504196160563585
2025-08-26 00:00:00+00:00,19605.976300646635,8085.096318472988,2.504196160563585
2025-08-27 00:00:00+00:00,19370.782197246503,8085.096318472988,2.504196160563585
2025-08-28 00:00:00+00:00,19382.05107996904,8085.096318472988,2.504196160563585
2025-08-29 00:00:00+00:00,19003.842333839122,8085.096318472988,2.504196160563585
2025-08-30 00:00:00+00:00,19037.69906592994,8085.096318472988,2.504196160563585
2025-08-31 00:00:00+00:00,19083.100142320956,8085.096318472988,2.504196160563585
2025-09-01 00:00:00+00:00,18889.450653224576,8085.096318472988,2.504196160563585
2025-09-02 00:00:00+00:00,18919.50100715134,8085.096318472988,2.504196160563585
2025-09-03 00:00:00+00:00,19229.9211632148,8085.096318472988,2.504196160563585
2025-09-04 00:00:00+00:00,18847.004528303023,8085.096318472988,2.504196160563585
2025-09-05 00:00:00+00:00,18871.7960702926,8085.096318472988,2.504196160563585
2025-09-06 00:00:00+00:00,18709.5984682571,16.180087190672566,4.374632794868978
2025-09-07 00:00:00+00:00,18854.180082127517,16.180087190672566,4.374632794868978
2025-09-08 00:00:00+00:00,18854.967516030592,16.180087190672566,4.374632794868978
2025-09-09 00:00:00+00:00,18871.241150027505,16.180087190672566,4.374632794868978
2025-09-10 00:00:00+00:00,19042.857994570215,16.180087190672566,4.374632794868978
2025-09-11 00:00:00+00:00,19521.880285608364,16.180087190672566,4.374632794868978
2025-09-12 00:00:00+00:00,20630.149757860476,16.180087190672566,4.374632794868978
2025-09-13 00:00:00+00:00,20430.535263430604,16.180087190672566,4.374632794868978
2025-09-14 00:00:00+00:00,20159.133044836934,16.180087190672566,4.374632794868978
2025-09-15 00:00:00+00:00,19805.881446651263,16.180087190672566,4.374632794868978
2025-09-16 00:00:00+00:00,19707.670940406453,16.180087190672566,4.374632794868978
2025-09-17 00:00:00+00:00,20098.063171020563,16.180087190672566,4.374632794868978
2025-09-18 00:00:00+00:00,20085.507974899287,16.180087190672566,4.374632794868978
2025-09-19 00:00:00+00:00,19564.62044801424,16.180087190672566,4.374632794868978
2025-09-20 00:00:00+00:00,19616.37235397754,16.180087190672566,4.374632794868978
2025-09-21 00:00:00+00:00,19461.291621399432,16.180087190672566,4.374632794868978
2025-09-22 00:00:00+00:00,18385.613163469097,16.180087190672566,4.374632794868978
2025-09-23 00:00:00+00:00,18233.288449551765,16.180087190672566,4.374632794868978
2025-09-24 00:00:00+00:00,18183.198904050514,16.180087190672566,4.374632794868978
2025-09-25 00:00:00+00:00,17475.867586064298,7796.673513436273,2.4982691522285028
2025-09-26 00:00:00+00:00,17870.29431981813,7796.673513436273,2.4982691522285028
2025-09-27 00:00:00+00:00,17835.668309368244,7796.673513436273,2.4982691522285028
2025-09-28 00:00:00+00:00,18144.90406503109,7796.673513436273,2.4982691522285028
2025-09-29 00:00:00+00:00,18327.052868920066,7796.673513436273,2.4982691522285028
2025-09-30 00:00:00+00:00,18152.37388979625,7796.673513436273,2.4982691522285028
2025-10-01 00:00:00+00:00,18659.22273540037,7796.673513436273,2.4982691522285028
2025-10-02 00:00:00+00:00,18999.78678623216,7796.673513436273,2.4982691522285028
2025-10-03 00:00:00+00:00,19071.037422453715,7796.673513436273,2.4982691522285028
2025-10-04 00:00:00+00:00,18970.430755249683,2741.349069786884,3.6167905430981353
2025-10-05 00:00:00+00:00,19068.698954305655,2741.349069786884,3.6167905430981353
2025-10-06 00:00:00+00:00,19682.432141563982,2741.349069786884,3.6167905430981353
2025-10-07 00:00:00+00:00,18174.198988899494,-9817.97388902058,6.293628814425451
2025-10-08 00:00:00+00:00,18477.759156583128,12.452676246473857,4.080081507547231
2025-10-09 00:00:00+00:00,17834.615908548458,12.452676246473857,4.080081507547231
2025-10-10 00:00:00+00:00,15638.022427330254,12.452676246473857,4.080081507547231
2025-10-11 00:00:00+00:00,15479.711903782672,8932.650375953357,1.7473788303666113
2025-10-12 00:00:00+00:00,16188.274019496333,8932.650375953357,1.7473788303666113
2025-10-13 00:00:00+00:00,16240.646401848022,13410.570823648664,0.6673368730795379
2025-10-14 00:00:00+00:00,16163.34877183922,13410.570823648664,0.6673368730795379
2025-10-15 00:00:00+00:00,16070.315338363202,13410.570823648664,0.6673368730795379
2025-10-16 00:00:00+00:00,16009.520949225656,13410.570823648664,0.6673368730795379
2025-10-17 00:00:00+00:00,15967.51876643403,13410.570823648664,0.6673368730795379
2025-10-18 00:00:00+00:00,16005.984063798334,13410.570823648664,0.6673368730795379
2025-10-19 00:00:00+00:00,16068.29330763777,13410.570823648664,0.6673368730795379
2025-10-20 00:00:00+00:00,16066.051055744223,13410.570823648664,0.6673368730795379
2025-10-21 00:00:00+00:00,15995.199899929368,13410.570823648664,0.6673368730795379
2025-10-22 00:00:00+00:00,15950.141314259039,13410.570823648664,0.6673368730795379
2025-10-23 00:00:00+00:00,15984.355675741826,13410.570823648664,0.6673368730795379
2025-10-24 00:00:00+00:00,16036.461338791876,13410.570823648664,0.6673368730795379
2025-10-25 00:00:00+00:00,16049.100699168004,13410.570823648664,0.6673368730795379
2025-10-26 00:00:00+00:00,16185.664516875,13410.570823648664,0.6673368730795379
2025-10-27 00:00:00+00:00,16160.098841267321,13410.570823648664,0.6673368730795379
2025-10-28 00:00:00+00:00,16066.037709006761,13410.570823648664,0.6673368730795379
2025-10-29 00:00:00+00:00,16015.17996590937,13410.570823648664,0.6673368730795379
2025-10-30 00:00:00+00:00,15949.847686034884,13410.570823648664,0.6673368730795379
2025-10-31 00:00:00+00:00,15978.476437889996,13410.570823648664,0.6673368730795379
2025-11-01 00:00:00+00:00,15995.680382477985,13410.570823648664,0.6673368730795379
2025-11-02 00:00:00+00:00,16017.575705283725,13410.570823648664,0.6673368730795379
2025-11-03 00:00:00+00:00,15815.539466958895,13410.570823648664,0.6673368730795379
2025-11-04 00:00:00+00:00,15604.14049230476,13410.570823648664,0.6673368730795379
2025-11-05 00:00:00+00:00,15695.725804766196,13410.570823648664,0.6673368730795379
2025-11-06 00:00:00+00:00,15622.885985069563,13410.570823648664,0.6673368730795379
2025-11-07 00:00:00+00:00,15703.57368639361,13410.570823648664,0.6673368730795379
2025-11-08 00:00:00+00:00,15680.523870797444,13410.570823648664,0.6673368730795379
2025-11-09 00:00:00+00:00,15801.945814854265,13410.570823648664,0.6673368730795379
2025-11-10 00:00:00+00:00,15791.528686265494,13410.570823648664,0.6673368730795379
2025-11-11 00:00:00+00:00,15691.368094984986,13410.570823648664,0.6673368730795379
2025-11-12 00:00:00+00:00,15689.47285826544,13410.570823648664,0.6673368730795379
2025-11-13 00:00:00+00:00,15567.096622480114,13410.570823648664,0.6673368730795379
2025-11-14 00:00:00+00:00,15563.868497140546,15563.868497140546,0.0
2025-11-15 00:00:00+00:00,15563.868497140546,15563.868497140546,0.0
2025-11-16 00:00:00+00:00,15563.868497140546,15563.868497140546,0.0
2025-11-17 00:00:00+00:00,15563.868497140546,15563.868497140546,0.0
2025-11-18 00:00:00+00:00,15563.868497140546,15563.868497140546,0.0
2025-11-19 00:00:00+00:00,15563.868497140546,15563.868497140546,0.0
2025-11-20 00:00:00+00:00,15563.868497140546,15563.868497140546,0.0
2025-11-21 00:00:00+00:00,15563.868497140546,15563.868497140546,0.0
2025-11-22 00:00:00+00:00,15563.868497140546,15563.868497140546,0.0
2025-11-23 00:00:00+00:00,15563.868497140546,15563.868497140546,0.0
2025-11-24 00:00:00+00:00,15563.868497140546,15563.868497140546,0.0
2025-11-25 00:00:00+00:00,15563.868497140546,15563.868497140546,0.0
2025-11-26 00:00:00+00:00,15563.868497140546,15563.868497140546,0.0
2025-11-27 00:00:00+00:00,15563.868497140546,15563.868497140546,0.0
2025-11-28 00:00:00+00:00,15563.868497140546,15563.868497140546,0.0
2025-11-29 00:00:00+00:00,15563.868497140546,15563.868497140546,0.0
2025-11-30 00:00:00+00:00,15563.868497140546,15563.868497140546,0.0
2025-12-01 00:00:00+00:00,15563.868497140546,15563.868497140546,0.0
2025-12-02 00:00:00+00:00,15563.868497140546,15563.868497140546,0.0
2025-12-03 00:00:00+00:00,15563.868497140546,15563.868497140546,0.0
2025-12-04 00:00:00+00:00,15551.353336352395,14896.845561548807,0.20889034896675887
2025-12-05 00:00:00+00:00,15528.06624024958,14896.845561548807,0.20889034896675887
2025-12-06 00:00:00+00:00,15531.46697513076,14896.845561548807,0.20889034896675887
2025-12-07 00:00:00+00:00,15536.018695834744,14896.845561548807,0.20889034896675887
2025-12-08 00:00:00+00:00,15549.452434176797,14896.845561548807,0.20889034896675887
2025-12-09 00:00:00+00:00,15589.952095034472,14896.845561548807,0.20889034896675887
2025-12-10 00:00:00+00:00,15591.226326163169,14896.845561548807,0.20889034896675887
2025-12-11 00:00:00+00:00,15573.105088390303,14896.845561548807,0.20889034896675887
2025-12-12 00:00:00+00:00,15541.243043462404,14896.845561548807,0.20889034896675887
2025-12-13 00:00:00+00:00,15547.463798054634,14896.845561548807,0.20889034896675887
2025-12-14 00:00:00+00:00,15536.781145608473,14896.845561548807,0.20889034896675887
2025-12-15 00:00:00+00:00,15516.174112682902,14896.845561548807,0.20889034896675887
2025-12-16 00:00:00+00:00,15515.641442293037,14896.845561548807,0.20889034896675887
2025-12-17 00:00:00+00:00,15488.734276442628,14896.845561548807,0.20889034896675887
2025-12-18 00:00:00+00:00,15487.848529140423,15487.848529140423,0.0
2025-12-19 00:00:00+00:00,15487.848529140423,15487.848529140423,0.0
2025-12-20 00:00:00+00:00,15487.848529140423,15487.848529140423,0.0
2025-12-21 00:00:00+00:00,15487.848529140423,15487.848529140423,0.0
2025-12-22 00:00:00+00:00,15487.848529140423,15487.848529140423,0.0
2025-12-23 00:00:00+00:00,15487.848529140423,15487.848529140423,0.0
2025-12-24 00:00:00+00:00,15487.848529140423,15487.848529140423,0.0
2025-12-25 00:00:00+00:00,15487.848529140423,15487.848529140423,0.0
2025-12-26 00:00:00+00:00,15487.848529140423,15487.848529140423,0.0
2025-12-27 00:00:00+00:00,15487.848529140423,15487.848529140423,0.0
2025-12-28 00:00:00+00:00,15487.848529140423,15487.848529140423,0.0
2025-12-29 00:00:00+00:00,15487.848529140423,15487.848529140423,0.0
2025-12-30 00:00:00+00:00,15487.848529140423,15487.848529140423,0.0
2025-12-31 00:00:00+00:00,15487.848529140423,15487.848529140423,0.0
