time,action,qty,price,fee,reason
2021-01-09 08:00:00+00:00,buy,8.345192199164687,1196.5,14.977533699450824,entry
2021-01-11 03:00:00+00:00,sell,8.345192199164687,1081.9975,13.54421564477354,stop_loss
2021-01-11 10:00:00+00:00,buy,7.929559796543113,1135.3,13.503643855523094,entry
2021-01-11 11:00:00+00:00,sell,7.929559796543113,1112.01,13.22662468403086,signal
2021-01-14 11:00:00+00:00,buy,7.521355315420483,1168.85,13.187004240643848,entry
2021-01-15 16:00:00+00:00,sell,7.521355315420483,1141.66,12.880245764104425,signal
2021-01-16 00:00:00+00:00,buy,7.3267052929769765,1168.48,12.841662901106607,entry
2021-01-16 03:00:00+00:00,sell,7.3267052929769765,1163.52,12.78715221372686,signal
2021-01-16 04:00:00+00:00,buy,7.2074422649167325,1179.23,12.748848213086639,entry
2021-01-16 06:00:00+00:00,sell,7.2074422649167325,1164.12,12.585491534152299,signal
2021-01-16 07:00:00+00:00,buy,7.130662762261025,1173.13,12.547791609436915,entry
2021-01-21 15:00:00+00:00,sell,7.130662762261025,1204.41,12.882362306242202,signal
2021-01-22 19:00:00+00:00,buy,6.786974898808215,1261.61,12.843773103128148,entry
2021-01-22 21:00:00+00:00,sell,6.786974898808215,1248.85,12.713870403564957,signal
2021-01-23 06:00:00+00:00,buy,6.688027942394714,1263.53,12.675785919080989,entry
2021-01-23 11:00:00+00:00,sell,6.688027942394714,1246.5,12.504940245292516,signal
2021-01-23 18:00:00+00:00,buy,6.633456299202079,1252.99,12.467481612505821,entry
2021-01-23 19:00:00+00:00,sell,6.633456299202079,1248.96,12.427382369177144,signal
2021-01-23 20:00:00+00:00,buy,6.566947871350439,1257.83,12.390156061531084,entry
2021-01-23 21:00:00+00:00,sell,6.566947871350439,1251.15,12.324355243860154,signal
2021-01-24 03:00:00+00:00,buy,6.516598546141395,1257.04,12.287437554662368,entry
2021-01-26 13:00:00+00:00,sell,6.516598546141395,1273.02,12.44364042181338,signal
2021-01-26 17:00:00+00:00,buy,6.321634329784878,1308.35,12.406365413061067,entry
2021-01-27 03:00:00+00:00,sell,6.321634329784878,1301.69,12.343212286106517,signal
2021-01-27 04:00:00+00:00,buy,6.267453067845976,1309.01,12.306238110511591,entry
2021-01-27 06:00:00+00:00,sell,6.267453067845976,1284.0,12.07111460867135,signal
2021-01-28 06:00:00+00:00,buy,6.165085306707385,1301.41,12.034955503503088,entry
2021-01-28 08:00:00+00:00,sell,6.165085306707385,1284.93,11.882554594721281,signal
2021-01-28 10:00:00+00:00,buy,6.067103672868828,1301.77,11.846960322345682,entry
2021-01-31 16:00:00+00:00,sell,6.067103672868828,1311.01,11.931050379251642,signal
2021-02-01 22:00:00+00:00,buy,5.874271087157004,1349.99,11.895310837426626,entry
2021-02-15 03:00:00+00:00,sell,5.874271087157004,1719.47,15.150949359350781,signal
2021-02-15 08:00:00+00:00,buy,5.755553239613,1749.68,15.10556458842911,entry
2021-02-16 16:00:00+00:00,sell,5.755553239613,1773.23,15.30887950661844,signal
2021-02-17 00:00:00+00:00,buy,5.710103743521269,1781.99,15.263021654876198,entry
2021-02-17 01:00:00+00:00,sell,5.710103743521269,1765.18,15.119041388983309,signal
2021-02-17 08:00:00+00:00,buy,5.56386132513982,1806.15,15.07375219860193,entry
2021-02-22 05:00:00+00:00,sell,5.56386132513982,1864.22,15.558392339328233,signal
2021-02-22 07:00:00+00:00,buy,5.5223707039104,1872.6,15.511787070213922,entry
2021-02-22 09:00:00+00:00,sell,5.5223707039104,1855.21,15.367736030402419,signal
2021-03-02 02:00:00+00:00,buy,6.51553406924601,1567.71,15.321701873546496,entry
2021-03-02 04:00:00+00:00,sell,6.51553406924601,1555.7,15.204324527289028,signal
2021-03-02 05:00:00+00:00,buy,6.406246115453589,1577.5,15.158779870692056,entry
2021-03-02 06:00:00+00:00,sell,6.406246115453589,1557.56,14.967169049378839,signal
2021-03-02 09:00:00+00:00,buy,6.383080977422891,1558.53,14.922334793614347,entry
2021-03-02 17:00:00+00:00,sell,6.383080977422891,1497.59,14.338857361468119,signal
2021-03-03 05:00:00+00:00,buy,6.186855535619022,1540.46,14.295905217599518,entry
2021-03-04 19:00:00+00:00,sell,6.186855535619022,1507.77,13.992532756410439,signal
2021-03-04 20:00:00+00:00,buy,6.091321247390772,1526.83,13.950618030230478,entry
2021-03-04 22:00:00+00:00,sell,6.091321247390772,1517.93,13.869298891577811,signal
2021-03-04 23:00:00+00:00,buy,6.026228294435636,1529.73,13.827753313270538,entry
2021-03-05 01:00:00+00:00,sell,6.026228294435636,1479.17,13.37072415942054,signal
2021-03-05 18:00:00+00:00,buy,5.896792344325136,1507.11,13.330672065083784,entry
2021-03-15 08:00:00+00:00,sell,5.896792344325136,1793.82,15.866676064645974,signal
2021-03-17 19:00:00+00:00,buy,5.789946591837884,1821.45,15.81914732955467,entry
2021-03-18 09:00:00+00:00,sell,5.789946591837884,1805.82,15.683402031709031,signal
2021-03-18 10:00:00+00:00,buy,5.751676808052217,1812.39,15.636422295218637,entry
2021-03-18 12:00:00+00:00,sell,5.751676808052217,1799.64,15.52642147626464,signal
2021-03-18 16:00:00+00:00,buy,5.66338933684777,1822.22,15.479911976086115,entry
2021-03-18 17:00:00+00:00,sell,5.66338933684777,1811.0,15.384597133546967,signal
2021-03-18 18:00:00+00:00,buy,5.628181971978524,1816.87,15.33851246914293,entry
2021-03-18 19:00:00+00:00,sell,5.628181971978524,1794.66,15.151009586746467,signal
2021-03-19 11:00:00+00:00,buy,5.559527224331071,1811.38,15.105624635413225,entry
2021-03-19 14:00:00+00:00,sell,5.559527224331071,1808.75,15.083692300513237,signal
2021-03-19 15:00:00+00:00,buy,5.514277123038367,1818.13,15.03850899856462,entry
2021-03-20 00:00:00+00:00,sell,5.514277123038367,1809.01,14.963073687521455,signal
2021-03-20 01:00:00+00:00,buy,5.477894618748204,1815.57,14.918251699441015,entry
2021-03-21 00:00:00+00:00,sell,5.477894618748204,1806.57,14.844300122087914,signal
2021-03-27 21:00:00+00:00,buy,5.744652724479966,1717.52,14.799833921023248,entry
2021-03-28 00:00:00+00:00,sell,5.744652724479966,1712.52,14.756749025589649,signal
2021-03-28 05:00:00+00:00,buy,5.707547550242607,1718.49,14.712545084424626,entry
2021-03-28 12:00:00+00:00,sell,5.707547550242607,1703.36,14.583012292771869,signal
2021-03-28 16:00:00+00:00,buy,5.671637880473088,1709.01,14.539328781160968,entry
2021-03-28 17:00:00+00:00,sell,5.671637880473088,1704.56,14.50147059830881,signal
2021-03-29 04:00:00+00:00,buy,5.681479958028839,1696.51,14.458031345393259,entry
2021-03-29 06:00:00+00:00,sell,5.681479958028839,1689.0,14.394029473666064,signal
2021-03-29 07:00:00+00:00,buy,5.637359000881305,1697.12,14.35091206136352,entry
2021-04-07 12:00:00+00:00,sell,5.637359000881305,1977.88,16.725029430994674,signal
2021-04-08 05:00:00+00:00,buy,5.5069301723616215,2018.66,16.674929492609266,entry
2021-04-08 06:00:00+00:00,sell,5.5069301723616215,2011.11,16.61256350840727,signal
2021-04-08 08:00:00+00:00,buy,5.445271440813556,2027.79,16.56280046245098,entry
2021-04-08 09:00:00+00:00,sell,5.445271440813556,2015.02,16.4584962880022,signal
2021-04-08 13:00:00+00:00,buy,5.390092960325535,2029.55,16.40919475144303,entry
2021-04-18 03:00:00+00:00,sell,5.390092960325535,2254.3,18.22632984069278,signal
2021-04-20 20:00:00+00:00,buy,5.21095852903005,2324.81,18.171732746811525,entry
2021-04-21 01:00:00+00:00,sell,5.21095852903005,2286.09,17.86908027544546,signal
2021-04-21 02:00:00+00:00,buy,5.116809359907381,2321.18,17.81555332504472,entry
2021-04-21 04:00:00+00:00,sell,5.116809359907381,2284.0,17.53018886704269,signal
2021-04-21 05:00:00+00:00,buy,5.052834015799409,2305.99,17.477677068139915,entry
2021-04-21 06:00:00+00:00,sell,5.052834015799409,2303.5,17.458804733090908,signal
2021-04-21 07:00:00+00:00,buy,5.010465299908898,2316.02,17.406506765842508,entry
2021-04-21 08:00:00+00:00,sell,5.010465299908898,2294.18,17.242363922617493,signal
2021-04-21 13:00:00+00:00,buy,4.8386247238877536,2368.54,17.190714305275648,entry
2021-04-23 02:00:00+00:00,sell,4.8386247238877536,2321.81,16.851550905254737,signal
2021-04-23 16:00:00+00:00,buy,4.799572628452636,2333.69,16.80107197094045,entry
2021-04-23 17:00:00+00:00,sell,4.799572628452636,2326.29,16.747796714764625,signal
2021-04-23 19:00:00+00:00,buy,4.745639807881506,2345.68,16.69762857682724,entry
2021-04-23 21:00:00+00:00,sell,4.745639807881506,2319.89,16.51404350085934,signal
2021-04-24 00:00:00+00:00,buy,4.636491543359192,2367.39,16.464575572249675,entry
2021-04-24 01:00:00+00:00,sell,4.636491543359192,2264.44,15.748585365666434,signal
2021-04-25 12:00:00+00:00,buy,4.575003022161958,2288.0,15.701410372059842,entry
2021-04-25 20:00:00+00:00,sell,4.575003022161958,2268.51,15.567660158706937,signal
2021-04-26 00:00:00+00:00,buy,4.459219552549577,2320.44,15.521027127777211,entry
2021-05-13 10:00:00+00:00,sell,4.459219552549577,3725.28,24.917762122082834,signal
2021-05-13 13:00:00+00:00,buy,4.349468604721339,3807.84,24.84312079770315,entry
2021-05-13 16:00:00+00:00,sell,4.349468604721339,3747.01,24.446253534865356,signal
2021-05-14 01:00:00+00:00,buy,4.250755539098192,3822.54,24.373024617636602,entry
2021-05-14 03:00:00+00:00,sell,4.250755539098192,3789.97,24.16535395577396,signal
2021-05-14 06:00:00+00:00,buy,4.175716660796011,3846.52,24.09296647512761,entry
2021-05-14 07:00:00+00:00,sell,4.175716660796011,3809.08,23.858458227457305,signal
2021-05-14 08:00:00+00:00,buy,4.084911315817608,3882.09,23.786990055033566,entry
2021-05-15 11:00:00+00:00,sell,4.084911315817608,3844.35,23.55574322544513,signal
2021-05-15 12:00:00+00:00,buy,4.012472454568551,3902.03,23.485181837850185,entry
2021-05-15 14:00:00+00:00,sell,4.012472454568551,3888.79,23.40549413490245,signal
2021-05-25 23:00:00+00:00,buy,5.730855075590516,2714.59,23.33538281947089,entry
2021-05-28 09:00:00+00:00,sell,5.730855075590516,2506.45,21.546152556320774,signal
2021-05-28 13:00:00+00:00,buy,5.5879703534931595,2562.84,21.481610911119613,entry
2021-05-28 17:00:00+00:00,sell,5.5879703534931595,2470.02,20.70359779880276,signal
2021-05-29 02:00:00+00:00,buy,5.44621222561436,2526.72,20.64158003205647,entry
2021-05-29 03:00:00+00:00,sell,5.44621222561436,2514.36,20.540607257393585,signal
2021-05-29 04:00:00+00:00,buy,5.406396289775993,2525.29,20.47907772991263,entry
2021-05-29 05:00:00+00:00,sell,5.406396289775993,2468.7,20.02015578085499,signal
2021-05-29 06:00:00+00:00,buy,5.23699690644328,2540.92,19.96018526927979,entry
2021-05-29 08:00:00+00:00,sell,5.23699690644328,2488.76,19.55044263131967,signal
2021-05-31 09:00:00+00:00,buy,5.212429241516169,2493.0,19.491879148649716,entry
2021-06-01 13:00:00+00:00,sell,5.212429241516169,2557.41,19.9954779998188,signal
2021-06-01 14:00:00+00:00,buy,5.04461358291309,2634.57,19.935581410703012,entry
2021-06-01 17:00:00+00:00,sell,5.04461358291309,2538.47,19.20840036272609,signal
2021-06-01 19:00:00+00:00,buy,4.955611484592244,2576.32,19.150861469977034,entry
2021-06-01 20:00:00+00:00,sell,4.955611484592244,2542.68,18.90080131446451,signal
2021-06-01 21:00:00+00:00,buy,4.872036308968917,2578.55,18.844183836737702,entry
2021-06-05 22:00:00+00:00,sell,4.872036308968917,2563.05,18.730908992554173,signal
2021-06-06 00:00:00+00:00,buy,4.738059373763356,2627.63,18.67480042842271,entry
2021-06-07 21:00:00+00:00,sell,4.738059373763356,2657.59,18.887728816679637,signal
2021-06-14 14:00:00+00:00,buy,4.911389266468464,2556.12,18.831150497708055,entry
2021-06-16 12:00:00+00:00,sell,4.911389266468464,2460.0,18.12302639326863,signal
2021-06-28 00:00:00+00:00,buy,6.076783601816903,1982.27,18.06873874556039,entry
2021-07-08 06:00:00+00:00,sell,6.076783601816903,2214.17,20.1825479214524,signal
2021-07-21 11:00:00+00:00,buy,7.054145444423012,1901.68,20.122090963125533,entry
2021-08-12 23:00:00+00:00,sell,7.054145444423012,2999.0,31.73307328173692,signal
2021-08-13 00:00:00+00:00,buy,6.924244724549026,3046.11,31.63801664684405,entry
2021-08-15 17:00:00+00:00,sell,6.924244724549026,3144.93,32.66439744236395,signal
2021-08-15 18:00:00+00:00,buy,6.877087501501082,3157.01,32.5665510196709,entry
2021-08-16 21:00:00+00:00,sell,6.877087501501082,3163.83,32.636903624811254,signal
2021-08-16 22:00:00+00:00,buy,6.832580461334003,3174.9,32.539139560033995,entry
2021-08-17 00:00:00+00:00,sell,6.832580461334003,3147.18,32.25504086445172,signal
2021-08-17 02:00:00+00:00,buy,6.751913907221042,3175.24,32.15842067214681,entry
2021-08-17 06:00:00+00:00,sell,6.751913907221042,3173.51,32.14089945555758,signal
2021-08-17 09:00:00+00:00,buy,6.71273595134436,3182.47,32.04462117461233,entry
2021-08-17 16:00:00+00:00,sell,6.71273595134436,3165.83,31.877071285266776,signal
2021-08-19 23:00:00+00:00,buy,6.682917522940379,3170.43,31.781583303383798,entry
2021-08-22 15:00:00+00:00,sell,6.682917522940379,3166.35,31.740683848143405,signal
2021-08-22 23:00:00+00:00,buy,6.562646081306732,3214.72,31.645604415747567,entry
2021-08-24 17:00:00+00:00,sell,6.562646081306732,3167.5,31.18077219380861,signal
2021-08-24 20:00:00+00:00,buy,6.441409600884153,3217.45,31.087369980547077,entry
2021-08-25 00:00:00+00:00,sell,6.441409600884153,3170.63,30.634989784276986,signal
2021-08-25 02:00:00+00:00,buy,6.35629859920247,3203.46,30.543222465901717,entry
2021-08-25 04:00:00+00:00,sell,6.35629859920247,3175.0,30.271872078701758,signal
2021-08-25 06:00:00+00:00,buy,6.264745072906446,3211.75,30.181192481860915,entry
2021-08-25 08:00:00+00:00,sell,6.264745072906446,3183.38,29.91459625528338,signal
2021-08-25 16:00:00+00:00,buy,6.180377346255578,3217.17,29.82498688057959,entry
2021-08-26 04:00:00+00:00,sell,6.180377346255578,3148.84,29.191529104475126,signal
2021-08-27 15:00:00+00:00,buy,6.00919332893443,3228.84,29.104085682294972,entry
2021-08-28 12:00:00+00:00,sell,6.00919332893443,3222.24,29.04459466833851,signal
2021-08-28 13:00:00+00:00,buy,5.958113077613578,3240.13,28.957591389252126,entry
2021-08-29 03:00:00+00:00,sell,5.958113077613578,3161.8550000000005,28.258034437526824,stop_loss
2021-08-29 21:00:00+00:00,buy,5.804176837158162,3235.99,28.17338730491316,entry
2021-08-30 01:00:00+00:00,sell,5.804176837158162,3190.54,27.777687549039907,signal
2021-08-30 16:00:00+00:00,buy,5.737659873076765,3217.86,27.694479298768204,entry
2021-08-31 01:00:00+00:00,sell,5.737659873076765,3214.33,27.66409838974026,signal
2021-08-31 03:00:00+00:00,buy,5.711197816788227,3219.55,27.581230396560805,entry
2021-09-07 15:00:00+00:00,sell,5.711197816788227,3399.09,29.119313080600044,signal
2021-09-15 00:00:00+00:00,buy,5.635596627039046,3434.37,29.03208598200613,entry
2021-09-15 01:00:00+00:00,sell,5.635596627039046,3402.41,28.76191547970588,signal
2021-09-15 03:00:00+00:00,buy,5.5972796024395635,3415.44,28.675758968034273,entry
2021-09-15 04:00:00+00:00,sell,5.5972796024395635,3396.19,28.514137519513834,signal
2021-09-15 08:00:00+00:00,buy,5.567709210417543,3404.0,28.428723228391977,entry
2021-09-15 09:00:00+00:00,sell,5.567709210417543,3395.34,28.35639868574865,signal
2021-09-15 11:00:00+00:00,buy,5.505258526891806,3423.57,28.271456902366474,entry
2021-09-17 21:00:00+00:00,sell,5.505258526891806,3376.06,27.879124653447526,signal
2021-09-17 22:00:00+00:00,buy,5.438315763166203,3407.38,27.795612547645884,entry
2021-09-17 23:00:00+00:00,sell,5.438315763166203,3373.68,27.520705685817838,signal
2021-09-18 00:00:00+00:00,buy,5.380226463493318,3399.89,27.43826722644944,entry
2021-09-18 21:00:00+00:00,sell,5.380226463493318,3396.04,27.40719641862277,signal
2021-09-18 23:00:00+00:00,buy,5.329147646997997,3418.32,27.32509797702929,entry
2021-09-19 11:00:00+00:00,sell,5.329147646997997,3408.17,27.243961704103747,signal
2021-09-26 21:00:00+00:00,buy,5.864882358013538,3087.57,27.16235223319779,entry
2021-09-26 23:00:00+00:00,sell,5.864882358013538,3018.8,26.557360293556904,signal
2021-09-27 00:00:00+00:00,buy,5.76979227503004,3059.36,26.47780754180386,entry
2021-09-27 17:00:00+00:00,sell,5.76979227503004,3008.76,26.039880308129078,signal
2021-09-30 03:00:00+00:00,buy,5.786917668584759,2990.87,25.961877671160146,entry
2021-09-30 11:00:00+00:00,sell,5.786917668584759,2951.58,25.620825678362102,signal
2021-09-30 13:00:00+00:00,buy,5.660687400524099,3008.36,25.544078322361013,entry
2021-09-30 21:00:00+00:00,sell,5.660687400524099,2972.82,25.24230707703908,signal
2021-09-30 22:00:00+00:00,buy,5.583478890270211,3004.9,25.166693576059433,entry
2021-10-10 22:00:00+00:00,sell,5.583478890270211,3456.01,28.94483831934413,signal
2021-10-11 04:00:00+00:00,buy,5.4684296881549495,3518.15,28.858133861073505,entry
2021-10-11 20:00:00+00:00,sell,5.4684296881549495,3515.0,28.832295530796973,signal
2021-10-11 22:00:00+00:00,buy,5.4474151802985915,3517.99,28.745928195207963,entry
2021-10-11 23:00:00+00:00,sell,5.4474151802985915,3511.87,28.695920923852817,signal
2021-10-12 00:00:00+00:00,buy,5.38471538689035,3542.12,28.609962099318068,entry
2021-10-12 01:00:00+00:00,sell,5.38471538689035,3502.84,28.292694668722493,signal
2021-10-13 21:00:00+00:00,buy,5.26223918185014,3573.63,28.20794371115268,entry
2021-10-27 09:00:00+00:00,sell,5.26223918185014,4046.13,31.937555731288963,signal
2021-10-28 09:00:00+00:00,buy,5.132030185612513,4136.36,31.84188656784026,entry
2021-11-01 04:00:00+00:00,sell,5.132030185612513,4191.5,32.266356784492274,signal
2021-11-01 05:00:00+00:00,buy,5.073793495370162,4226.91,32.16970269527264,entry
2021-11-06 11:00:00+00:00,sell,5.073793495370162,4390.43,33.41420276381703,signal
2021-11-06 19:00:00+00:00,buy,5.000237942670206,4441.67,33.31411029422996,entry
2021-11-10 22:00:00+00:00,sell,5.000237942670206,4552.9,34.14837499377477,signal
2021-11-10 23:00:00+00:00,buy,4.891077792358069,4640.57,34.046083306324626,entry
2021-11-12 10:00:00+00:00,sell,4.891077792358069,4617.02,33.873305983309585,signal
2021-11-12 19:00:00+00:00,buy,4.852066472269041,4640.2,33.77183826693421,entry
2021-11-13 02:00:00+00:00,sell,4.852066472269041,4630.91,33.70422472064314,signal
2021-11-13 07:00:00+00:00,buy,4.819973333265873,4647.78,33.60326348832968,entry
2021-11-13 09:00:00+00:00,sell,4.819973333265873,4624.93,33.438058902332,signal
2021-11-13 15:00:00+00:00,buy,4.756254387439673,4672.85,33.33789497152122,entry
2021-11-13 20:00:00+00:00,sell,4.756254387439673,4643.96,33.13178268764152,signal
2021-11-13 21:00:00+00:00,buy,4.724893860297506,4660.78,33.03253620929612,entry
2021-11-13 23:00:00+00:00,sell,4.724893860297506,4639.62,32.88256807817027,signal
2021-11-14 01:00:00+00:00,buy,4.674619966743766,4675.47,32.784068123867215,entry
2021-11-14 03:00:00+00:00,sell,4.674619966743766,4635.64,32.504782953954106,signal
2021-11-15 01:00:00+00:00,buy,4.621931847456505,4674.44,32.407414657536876,entry
2021-11-15 08:00:00+00:00,sell,4.621931847456505,4680.24,32.44762546460975,signal
2021-11-15 09:00:00+00:00,buy,4.569559983874268,4719.7,32.35042838383707,entry
2021-11-15 15:00:00+00:00,sell,4.569559983874268,4683.39,32.101547299315364,signal
2021-11-20 20:00:00+00:00,buy,4.851087127233113,4398.38,32.00538689801937,entry
2021-11-21 02:00:00+00:00,sell,4.851087127233113,4375.99,31.842463136851244,signal
2021-11-21 17:00:00+00:00,buy,4.798570547958016,4410.63,31.747078823910094,entry
2021-11-21 19:00:00+00:00,sell,4.798570547958016,4358.74,31.37358208530978,signal
2021-11-21 21:00:00+00:00,buy,4.75804143697093,4382.7,31.279602308718744,entry
2021-11-21 23:00:00+00:00,sell,4.75804143697093,4313.39,30.784932530724063,signal
2021-11-23 15:00:00+00:00,buy,4.748610633353711,4309.01,30.692716057841213,entry
2021-11-24 14:00:00+00:00,sell,4.748610633353711,4220.37,30.061340788030506,signal
2021-11-24 16:00:00+00:00,buy,4.698780962540685,4252.35,29.971291839089822,entry
2021-11-24 17:00:00+00:00,sell,4.698780962540685,4226.01,29.785643003259842,signal
2021-11-24 21:00:00+00:00,buy,4.636063384170948,4270.35,29.696419908891617,entry
2021-11-26 08:00:00+00:00,sell,4.636063384170948,4113.8175,28.607878021367508,stop_loss
2021-11-28 22:00:00+00:00,buy,4.47203707962275,4251.93,28.522182929940545,entry
2021-11-28 23:00:00+00:00,sell,4.47203707962275,4222.2,28.322752436374763,signal
2021-11-29 00:00:00+00:00,buy,4.383302084560112,4294.77,28.237911440559355,entry
2021-12-03 17:00:00+00:00,sell,4.383302084560112,4343.8,28.560281392368324,signal
2021-12-07 07:00:00+00:00,buy,4.3519477542687826,4361.99,28.474728876964328,entry
2021-12-07 08:00:00+00:00,sell,4.3519477542687826,4352.91,28.415455348551188,signal
2021-12-07 09:00:00+00:00,buy,4.2849668210987195,4407.71,28.330336660537554,entry
2021-12-07 13:00:00+00:00,sell,4.2849668210987195,4359.0,28.01725555975398,signal
2021-12-07 15:00:00+00:00,buy,4.232563165617973,4399.75,27.933329681891518,entry
2021-12-07 17:00:00+00:00,sell,4.232563165617973,4357.17,27.662995872503497,signal
2021-12-08 07:00:00+00:00,buy,4.209903633951057,4367.5,27.58013118192186,entry
2021-12-08 10:00:00+00:00,sell,4.209903633951057,4318.22,27.268935105300198,signal
2021-12-08 15:00:00+00:00,buy,4.11042433218167,4409.48,27.187250826402643,entry
2021-12-09 10:00:00+00:00,sell,4.11042433218167,4314.29,26.600343888132084,signal
2021-12-15 22:00:00+00:00,buy,4.353105224290408,4061.57,26.520662378731785,entry
2021-12-15 23:00:00+00:00,sell,4.353105224290408,4000.9,26.12450803779524,signal
2021-12-16 10:00:00+00:00,buy,4.294224203602179,4043.61,26.046251897891715,entry
2021-12-16 13:00:00+00:00,sell,4.294224203602179,4031.0,25.965026647080578,signal
2021-12-16 14:00:00+00:00,buy,4.232805890710026,4077.24,25.88724823475782,entry
2021-12-16 19:00:00+00:00,sell,4.232805890710026,4025.81,25.560708424318992,signal
2021-12-16 22:00:00+00:00,buy,4.215320423110621,4030.4,25.484141149957573,entry
2021-12-16 23:00:00+00:00,sell,4.215320423110621,4007.82,25.34136824722682,signal
2021-12-18 11:00:00+00:00,buy,4.236540739447693,3975.8,25.26545800784421,entry
2021-12-18 14:00:00+00:00,sell,4.236540739447693,3928.28,24.963477383936375,signal
2021-12-18 15:00:00+00:00,buy,4.188916567228421,3961.04,24.888699119181698,entry
2021-12-18 16:00:00+00:00,sell,4.188916567228421,3945.41,24.79048997026303,signal
2021-12-18 20:00:00+00:00,buy,4.1787093207668775,3943.2,24.716229890471926,entry
2021-12-19 02:00:00+00:00,sell,4.1787093207668775,3904.56,24.474031898240277,signal
2021-12-19 03:00:00+00:00,buy,4.125659793712411,3942.92,24.40071977073681,entry
2021-12-19 11:00:00+00:00,sell,4.125659793712411,3923.25,24.278992178523325,signal
2021-12-19 13:00:00+00:00,buy,4.094546746745902,3941.22,24.206264293814826,entry
2021-12-19 16:00:00+00:00,sell,4.094546746745902,3927.25,24.120463066736765,signal
2021-12-19 23:00:00+00:00,buy,4.0303936181049504,3977.81,24.04821005705108,entry
2021-12-20 00:00:00+00:00,sell,4.0303936181049504,3924.14,23.72374321882554,signal
2021-12-20 01:00:00+00:00,buy,3.994632528859535,3947.41,23.652678586118125,entry
2021-12-20 03:00:00+00:00,sell,3.994632528859535,3927.96,23.53613518208865,signal
2021-12-20 21:00:00+00:00,buy,3.9808322167318932,3929.77,23.465632530519738,entry
2021-12-20 22:00:00+00:00,sell,3.9808322167318932,3911.75,23.358030635701475,signal
2021-12-21 00:00:00+00:00,buy,3.9357354467916044,3944.72,23.288061497501666,entry
2021-12-23 08:00:00+00:00,sell,3.9357354467916044,3911.6,23.09253416050506,signal
2021-12-23 11:00:00+00:00,buy,3.892026452245301,3943.68,23.023360318786125,entry
2021-12-23 12:00:00+00:00,sell,3.892026452245301,3934.31,22.968657886999814,signal
2021-12-23 13:00:00+00:00,buy,3.8706084782907477,3944.23,22.899855117493075,entry
2021-12-23 15:00:00+00:00,sell,3.8706084782907477,3940.69,22.87930218647335,signal
2021-12-23 16:00:00+00:00,buy,3.849294811738484,3950.64,22.810767082569786,entry
2021-12-28 02:00:00+00:00,sell,3.849294811738484,3982.35,22.993858790290126,signal
2022-01-04 11:00:00+00:00,buy,4.015839242150096,3805.76,22.924980531307725,entry
2022-01-04 19:00:00+00:00,sell,4.015839242150096,3771.69,22.719751066837645,signal
2022-01-04 20:00:00+00:00,buy,3.9614195160763552,3812.05,22.651693899388306,entry
2022-01-05 00:00:00+00:00,sell,3.9614195160763552,3785.1,22.491553515450917,signal
2022-01-05 01:00:00+00:00,buy,3.923607141191995,3810.13,22.424179915304787,entry
2022-01-05 19:00:00+00:00,sell,3.923607141191995,3747.6,22.05616518349668,signal
2022-01-12 14:00:00+00:00,buy,4.349676849896922,3370.38,21.990095792033383,entry
2022-01-13 17:00:00+00:00,sell,4.349676849896922,3259.8825,21.269153165451154,stop_loss
2022-01-14 01:00:00+00:00,buy,4.325121031275102,3268.57,21.205441273792292,entry
2022-01-14 11:00:00+00:00,sell,4.325121031275102,3224.54,20.919788655281724,signal
2022-01-14 15:00:00+00:00,buy,4.244092000709702,3276.26,20.857123287367752,entry
2022-01-17 16:00:00+00:00,sell,4.244092000709702,3236.65,20.604960561145585,signal
2022-01-20 16:00:00+00:00,buy,4.199254977225495,3261.41,20.5432382629095,entry
2022-01-20 17:00:00+00:00,sell,4.199254977225495,3245.83,20.44510167409174,signal
2022-01-28 22:00:00+00:00,buy,5.362783129696451,2533.99,20.383858234229262,entry
2022-01-28 23:00:00+00:00,sell,5.362783129696451,2515.33,20.23375393442906,signal
2022-01-29 00:00:00+00:00,buy,5.284406772559736,2544.99,20.1731435881452,entry
2022-02-03 21:00:00+00:00,sell,5.284406772559736,2583.12,20.475385233501758,signal
2022-02-03 22:00:00+00:00,buy,5.116553585709816,2659.87,20.41405107903295,entry
2022-02-11 19:00:00+00:00,sell,5.116553585709816,3005.5,23.066702702776283,signal
2022-02-15 08:00:00+00:00,buy,5.027722300785952,3049.44,22.997606239363073,entry
2022-02-17 14:00:00+00:00,sell,5.027722300785952,2994.15,22.58063209034739,signal
2022-02-25 13:00:00+00:00,buy,5.5418913910809255,2708.22,22.512991654729774,entry
2022-02-25 15:00:00+00:00,sell,5.5418913910809255,2681.58,22.29153767474218,signal
2022-02-25 16:00:00+00:00,buy,5.421751695372367,2732.79,22.224763223394977,entry
2022-02-25 19:00:00+00:00,sell,5.421751695372367,2674.49,21.750631037634662,signal
2022-02-25 21:00:00+00:00,buy,5.32793718055857,2713.43,21.68547687576456,entry
2022-02-27 20:00:00+00:00,sell,5.32793718055857,2608.23,20.84472838867242,signal
2022-02-28 15:00:00+00:00,buy,5.024154108097588,2757.65,20.78228786429297,entry
2022-03-04 01:00:00+00:00,sell,5.024154108097588,2734.38,20.606919765149826,signal
2022-03-09 08:00:00+00:00,buy,4.989742912992991,2744.99,20.545191598104942,entry
2022-03-09 19:00:00+00:00,sell,4.989742912992991,2710.35,20.28592455634583,signal
2022-03-09 23:00:00+00:00,buy,4.9632228506743905,2716.67,20.225157932612397,entry
2022-03-10 01:00:00+00:00,sell,4.9632228506743905,2708.08,20.161206806181454,signal
2022-03-11 12:00:00+00:00,buy,5.0517948288577035,2652.63,20.100813775309216,entry
2022-03-11 14:00:00+00:00,sell,5.0517948288577035,2619.1,19.846733754391817,signal
2022-03-14 10:00:00+00:00,buy,5.079699265579921,2596.91,19.78728272966573,entry
2022-03-14 11:00:00+00:00,sell,5.079699265579921,2592.54,19.753985300979856,signal
2022-03-15 17:00:00+00:00,buy,5.045585449738003,2602.25,19.69481210487108,entry
2022-04-01 03:00:00+00:00,sell,5.045585449738003,3225.93,24.415058204809974,signal
2022-04-01 04:00:00+00:00,buy,4.992769411017202,3250.29,24.34192273340265,entry
2022-04-06 00:00:00+00:00,sell,4.992769411017202,3407.0,25.515548075003412,signal
2022-04-18 23:00:00+00:00,buy,5.53278048817452,3065.26,25.439116078772745,entry
2022-04-19 03:00:00+00:00,sell,5.53278048817452,3040.04,25.2298109929051,signal
2022-04-19 05:00:00+00:00,buy,5.504257132235227,3046.64,25.154234924029694,entry
2022-04-19 06:00:00+00:00,sell,5.504257132235227,3037.67,25.080175144315476,signal
2022-04-19 07:00:00+00:00,buy,5.473336509555186,3045.68,25.005047310633056,entry
2022-04-21 20:00:00+00:00,sell,5.473336509555186,3026.23,24.845362717966786,signal
2022-04-25 20:00:00+00:00,buy,5.48197584137841,3012.41,24.770938266490102,entry
2022-04-25 21:00:00+00:00,sell,5.48197584137841,2999.55,24.665190952509914,signal
2022-04-25 22:00:00+00:00,buy,5.450200843699244,3008.0,24.59130620677099,entry
2022-04-26 03:00:00+00:00,sell,5.450200843699244,2998.61,24.51454012788749,signal
2022-04-26 04:00:00+00:00,buy,5.429547185984471,3001.0,24.441106657709096,entry
2022-04-26 07:00:00+00:00,sell,5.429547185984471,2995.24,24.39419537002219,signal
2022-04-26 08:00:00+00:00,buy,5.398881069909639,3003.23,24.32112239337709,entry
2022-04-26 10:00:00+00:00,sell,5.398881069909639,2994.94,24.253987307272762,signal
2022-04-26 12:00:00+00:00,buy,5.36819008400923,3003.04,24.18133432482462,entry
2022-04-26 13:00:00+00:00,sell,5.36819008400923,2978.33,23.982362359360813,signal
2022-04-28 18:00:00+00:00,buy,5.364971168964816,2971.19,23.91052303127486,entry
2022-04-28 20:00:00+00:00,sell,5.364971168964816,2947.84,23.722614916081866,signal
2022-05-04 11:00:00+00:00,buy,5.504444847040694,2864.54,23.651553663212923,entry
2022-05-04 14:00:00+00:00,sell,5.504444847040694,2837.09,23.424908146636024,signal
2022-05-04 17:00:00+00:00,buy,5.448071558532485,2857.86,23.354738676401475,entry
2022-05-05 15:00:00+00:00,sell,5.448071558532485,2830.27,23.129270234951605,signal
2022-05-20 02:00:00+00:00,buy,7.552714721112426,2035.47,23.059986350074066,entry
2022-05-20 04:00:00+00:00,sell,7.552714721112426,2023.03,22.919052693378106,signal
2022-05-20 06:00:00+00:00,buy,7.5127849972343554,2027.69,22.850398516563196,entry
2022-05-20 07:00:00+00:00,sell,7.5127849972343554,2014.38,22.700405764093414,signal
2022-05-20 08:00:00+00:00,buy,7.44882776396962,2025.59,22.632406545628832,entry
2022-05-20 15:00:00+00:00,sell,7.44882776396962,1986.73,22.198214375267042,signal
2022-05-22 10:00:00+00:00,buy,7.276999161382754,2027.55,22.131719474492407,entry
2022-05-22 16:00:00+00:00,sell,7.276999161382754,2004.58,21.880990468386962,signal
2022-05-22 22:00:00+00:00,buy,7.211741464918375,2016.66,21.815445813963436,entry
2022-05-23 20:00:00+00:00,sell,7.211741464918375,1980.99,21.429581586882975,signal
2022-05-25 03:00:00+00:00,buy,7.067202239634306,2015.45,21.365389130806445,entry
2022-05-25 06:00:00+00:00,sell,7.067202239634306,1987.56,21.069732725111344,signal
2022-05-30 06:00:00+00:00,buy,7.374585774947855,1899.01,21.006618198725587,entry
2022-05-30 11:00:00+00:00,sell,7.374585774947855,1893.2,20.942348683696917,signal
2022-05-30 12:00:00+00:00,buy,7.315977097579962,1902.65,20.879615737065773,entry
2022-05-30 13:00:00+00:00,sell,7.315977097579962,1888.1,20.71994453691109,signal
2022-05-30 15:00:00+00:00,buy,7.260874523838615,1896.73,20.657877803400623,entry
2022-06-01 17:00:00+00:00,sell,7.260874523838615,1857.28,20.228215553452475,signal
2022-06-06 02:00:00+00:00,buy,7.2128329166514344,1864.05,20.16762179742616,entry
2022-06-07 00:00:00+00:00,sell,7.2128329166514344,1815.8462499999998,19.646093405367104,stop_loss
2022-06-07 20:00:00+00:00,buy,7.070045678474769,1846.97,19.587243400158815,entry
2022-06-07 22:00:00+00:00,sell,7.070045678474769,1840.83,19.522128279460063,signal
2022-06-09 10:00:00+00:00,buy,7.130834936232738,1819.67,19.46364961262194,entry
2022-06-09 11:00:00+00:00,sell,7.130834936232738,1811.2,19.373052354757103,signal
2022-06-09 17:00:00+00:00,buy,7.10664939064866,1811.92,19.315020245856182,entry
2022-06-09 18:00:00+00:00,sell,7.10664939064866,1805.25,19.243918218702742,signal
2022-06-20 11:00:00+00:00,buy,11.014724324062703,1161.25,19.186272931976724,entry
2022-06-20 12:00:00+00:00,sell,11.014724324062703,1153.04,19.050626601925888,signal
2022-06-21 04:00:00+00:00,buy,11.19682157211912,1130.89,18.993560321540688,entry
2022-06-22 02:00:00+00:00,sell,11.19682157211912,1101.69,18.50313953668187,signal
2022-06-22 14:00:00+00:00,buy,11.06057585527173,1111.92,18.447713257490616,entry
2022-06-22 16:00:00+00:00,sell,11.06057585527173,1075.02,17.835510383901322,signal
2022-06-23 07:00:00+00:00,buy,10.778294399845416,1099.87,17.782083992336965,entry
2022-06-23 08:00:00+00:00,sell,10.778294399845416,1091.7,17.649995994466863,signal
2022-06-23 09:00:00+00:00,buy,10.68464245380499,1097.97,17.597125312506396,entry
2022-06-23 17:00:00+00:00,sell,10.68464245380499,1090.27,17.47371769216495,signal
2022-06-23 18:00:00+00:00,buy,10.619713834741239,1093.65,17.421375053047136,entry
2022-06-28 19:00:00+00:00,sell,10.619713834741239,1162.43,18.51701092937739,signal
2022-07-04 18:00:00+00:00,buy,10.931719824571708,1125.87,18.461543098335824,entry
2022-07-05 13:00:00+00:00,sell,10.931719824571708,1093.46,17.93009753906427,signal
2022-07-05 18:00:00+00:00,buy,10.807744582816635,1102.69,17.876387811039116,entry
2022-07-11 02:00:00+00:00,sell,10.807744582816635,1152.52,18.684212679881743,signal
2022-07-14 18:00:00+00:00,buy,10.38554694836264,1195.78,18.628243994869614,entry
2022-07-25 04:00:00+00:00,sell,10.38554694836264,1511.51,23.54678710187942,signal
2022-07-25 05:00:00+00:00,buy,10.277939418079882,1522.76,23.47625254241298,entry
2022-07-25 14:00:00+00:00,sell,10.277939418079882,1521.77,23.46098980237713,signal
2022-07-27 19:00:00+00:00,buy,9.863256272106101,1581.0,23.390712249299618,entry
2022-08-02 02:00:00+00:00,sell,9.863256272106101,1605.57,23.75422255920809,signal
2022-08-02 15:00:00+00:00,buy,9.723849137851435,1623.71,23.68306662543113,entry
2022-08-03 01:00:00+00:00,sell,9.723849137851435,1599.93,23.33621692668397,signal
2022-08-03 04:00:00+00:00,buy,9.574909979360081,1619.95,23.266313131596547,entry
2022-08-03 05:00:00+00:00,sell,9.574909979360081,1614.17,23.183298662075494,signal
2022-08-03 06:00:00+00:00,buy,9.460541438605901,1628.79,23.11385293468036,entry
2022-08-03 22:00:00+00:00,sell,9.460541438605901,1635.31,23.206377029949923,signal
2022-08-04 02:00:00+00:00,buy,9.353896167838396,1649.0,23.136862171148273,entry
2022-08-04 06:00:00+00:00,sell,9.353896167838396,1649.28,23.140790807538767,signal
2022-08-05 11:00:00+00:00,buy,9.215079658304285,1669.11,23.071472412708395,entry
2022-08-05 18:00:00+00:00,sell,9.215079658304285,1663.78,22.997797850840254,signal
2022-08-05 20:00:00+00:00,buy,9.09146729012418,1681.35,22.928907792375437,entry
2022-08-10 01:00:00+00:00,sell,9.09146729012418,1672.21,22.804263775827835,signal
2022-08-10 02:00:00+00:00,buy,9.017641252933181,1680.85,22.735953449989104,entry
2022-08-10 04:00:00+00:00,sell,9.017641252933181,1669.5,22.58242810765792,signal
2022-08-10 05:00:00+00:00,buy,8.935501167622474,1679.8,22.51478229205835,entry
2022-08-10 06:00:00+00:00,sell,8.935501167622474,1679.64,22.51263777177812,signal
2022-08-10 08:00:00+00:00,buy,8.875076270247527,1686.01,22.44520101360005,entry
2022-08-16 19:00:00+00:00,sell,8.875076270247527,1870.91,24.906703417153206,signal
2022-08-16 20:00:00+00:00,buy,8.808846847617213,1879.33,24.832095219198685,entry
2022-08-16 23:00:00+00:00,sell,8.808846847617213,1871.87,24.73352422297385,signal
2022-08-17 00:00:00+00:00,buy,8.759996797328137,1876.67,24.659434784462693,entry
2022-08-17 11:00:00+00:00,sell,8.759996797328137,1879.24,24.693204572116393,signal
2022-08-25 07:00:00+00:00,buy,9.639915623213705,1702.59,24.619235911391133,entry
2022-08-26 01:00:00+00:00,sell,9.639915623213705,1675.26,24.224047570417486,signal
2022-08-26 02:00:00+00:00,buy,9.557979243898657,1684.56,24.151484272652883,entry
2022-08-26 06:00:00+00:00,sell,9.557979243898657,1661.19,23.816429310258016,signal
2022-08-26 13:00:00+00:00,buy,9.420242452125951,1680.43,23.74508703573902,entry
2022-08-26 15:00:00+00:00,sell,9.420242452125951,1634.34,23.09381857381129,signal
2022-08-30 05:00:00+00:00,buy,9.700058510748649,1582.44,23.02464088462364,entry
2022-08-30 07:00:00+00:00,sell,9.700058510748649,1576.95,22.94476090278762,signal
2022-08-30 08:00:00+00:00,buy,9.609879442655506,1586.98,22.876029716858156,entry
2022-08-30 13:00:00+00:00,sell,9.609879442655506,1570.88,22.643951128318026,signal
2022-08-31 02:00:00+00:00,buy,9.50713621800914,1583.1,22.576121020095407,entry
2022-08-31 10:00:00+00:00,sell,9.50713621800914,1570.33,22.39401182583944,signal
2022-08-31 11:00:00+00:00,buy,9.321589110019458,1596.79,22.326930412481957,entry
2022-08-31 15:00:00+00:00,sell,9.321589110019458,1566.97,21.909975731590787,signal
2022-08-31 20:00:00+00:00,buy,9.2443463704392,1575.33,21.844344251615976,entry
2022-08-31 21:00:00+00:00,sell,9.2443463704392,1570.35,21.775288984228794,signal
2022-08-31 22:00:00+00:00,buy,9.16384321443311,1579.4,21.71006095931348,entry
2022-08-31 23:00:00+00:00,sell,9.16384321443311,1568.57,21.561194326295013,signal
2022-09-01 12:00:00+00:00,buy,9.08185207061748,1577.99,21.496607623370515,entry
2022-09-01 13:00:00+00:00,sell,9.08185207061748,1565.36,21.324551935892664,signal
2022-09-01 21:00:00+00:00,buy,8.968875317958299,1580.33,21.260674096843555,entry
2022-09-03 08:00:00+00:00,sell,8.968875317958299,1544.07,20.772856968299802,signal
2022-09-03 10:00:00+00:00,buy,8.898154144859975,1551.68,20.71063173524449,entry
2022-09-07 00:00:00+00:00,sell,8.898154144859975,1559.01,20.808466940067223,signal
2022-09-07 21:00:00+00:00,buy,8.434725439033615,1639.74,20.74613503710147,entry
2022-09-13 13:00:00+00:00,sell,8.434725439033615,1628.68,20.606202942067902,signal
2022-09-26 15:00:00+00:00,buy,10.297983419684908,1330.0,20.544476922271393,entry
2022-09-26 16:00:00+00:00,sell,10.297983419684908,1325.18,20.47002250214707,signal
2022-09-26 19:00:00+00:00,buy,10.22262514834075,1330.95,20.40870441177618,entry
2022-09-26 22:00:00+00:00,sell,10.22262514834075,1317.18,20.197556089337205,signal
2022-09-26 23:00:00+00:00,buy,10.113151367379706,1327.45,20.137054173942285,entry
2022-09-27 18:00:00+00:00,sell,10.113151367379706,1314.31,19.93772396049123,signal
2022-09-27 23:00:00+00:00,buy,9.963909961899503,1330.0,19.87800037398951,entry
2022-09-28 02:00:00+00:00,sell,9.963909961899503,1310.79,19.590890308437377,signal
2022-09-28 15:00:00+00:00,buy,9.821743006370086,1325.78,19.532205664478,entry
2022-09-29 13:00:00+00:00,sell,9.821743006370086,1319.87,19.445135912726528,signal
2022-09-29 15:00:00+00:00,buy,9.789725892675397,1320.22,19.38688787704187,entry
2022-09-30 22:00:00+00:00,sell,9.789725892675397,1323.18,19.430354260005352,signal
2022-10-01 00:00:00+00:00,buy,9.719778583669399,1328.71,19.37215050286105,entry
2022-10-01 12:00:00+00:00,sell,9.719778583669399,1325.41,19.32403759887189,signal
2022-10-01 14:00:00+00:00,buy,9.686789404247843,1325.94,19.26615231400258,entry
2022-10-01 15:00:00+00:00,sell,9.686789404247843,1322.82,19.220818139590698,signal
2022-10-03 18:00:00+00:00,buy,9.635846752251972,1325.83,19.163242049307346,entry
2022-10-03 19:00:00+00:00,sell,9.635846752251972,1317.59,19.04414298344951,signal
2022-10-03 21:00:00+00:00,buy,9.563505102216292,1323.58,18.987096124787158,entry
2022-10-03 22:00:00+00:00,sell,9.563505102216292,1318.04,18.90762339738774,signal
2022-10-04 00:00:00+00:00,buy,9.4983929075986,1323.1,18.85098548406556,entry
2022-10-04 01:00:00+00:00,sell,9.4983929075986,1321.59,18.829471624129848,signal
2022-10-04 04:00:00+00:00,buy,9.417068752916931,1329.01,18.773067814971196,entry
2022-10-05 14:00:00+00:00,sell,9.417068752916931,1323.76,18.698908398541974,signal
2022-10-05 16:00:00+00:00,buy,9.34235135736488,1330.35,18.64289569240555,entry
2022-10-07 13:00:00+00:00,sell,9.34235135736488,1331.3,18.656208543089797,signal
2022-10-07 14:00:00+00:00,buy,9.303604205885264,1332.84,18.600323744658173,entry
2022-10-07 17:00:00+00:00,sell,9.303604205885264,1323.83,18.474585533815635,signal
2022-10-07 22:00:00+00:00,buy,9.20860944712702,1333.48,18.41924478833241,entry
2022-10-08 00:00:00+00:00,sell,9.20860944712702,1331.1,18.386370052606164,signal
2022-10-08 01:00:00+00:00,buy,9.164569941627594,1333.49,18.331293557191472,entry
2022-10-08 04:00:00+00:00,sell,9.164569941627594,1331.06,18.29788869975424,signal
2022-10-10 01:00:00+00:00,buy,9.122587723002326,1333.18,18.24307725082836,entry
2022-10-10 03:00:00+00:00,sell,9.122587723002326,1324.44,18.123480125779803,signal
2022-10-14 02:00:00+00:00,buy,9.06432655054216,1328.96,18.069191118912766,entry
2022-10-14 16:00:00+00:00,sell,9.06432655054216,1310.04,17.81194553140838,signal
2022-10-16 20:00:00+00:00,buy,9.050646223893102,1308.09,17.75858972851849,entry
2022-10-16 22:00:00+00:00,sell,9.050646223893102,1293.25,17.55712234357463,signal
2022-10-16 23:00:00+00:00,buy,8.919596564174602,1308.32,17.50452986526137,entry
2022-10-17 02:00:00+00:00,sell,8.919596564174602,1296.97,17.3526737337563,signal
2022-10-17 03:00:00+00:00,buy,8.87310617175784,1299.86,17.300693682631717,entry
2022-10-18 19:00:00+00:00,sell,8.87310617175784,1293.47,17.21564495997542,signal
2022-10-18 20:00:00+00:00,buy,8.796406106549748,1300.84,17.16407537946626,entry
2022-10-19 07:00:00+00:00,sell,8.796406106549748,1294.49,17.080289611301374,signal
2022-10-19 08:00:00+00:00,buy,8.734430188239173,1299.77,17.029125488651445,entry
2022-10-19 14:00:00+00:00,sell,8.734430188239173,1293.43,16.946061057561295,signal
2022-10-19 16:00:00+00:00,buy,8.63264713686746,1304.76,16.89529901744878,entry
2022-10-19 17:00:00+00:00,sell,8.63264713686746,1298.08,16.80879989313737,signal
2022-10-20 11:00:00+00:00,buy,8.600493711855774,1299.03,16.758449019768012,entry
2022-10-20 13:00:00+00:00,sell,8.600493711855774,1292.33,16.67201405796386,signal
2022-10-20 15:00:00+00:00,buy,8.484069052059597,1306.14,16.622072927485686,entry
2022-10-20 17:00:00+00:00,sell,8.484069052059597,1290.58,16.424054755810612,signal
2022-10-21 18:00:00+00:00,buy,8.406156383649177,1298.64,16.374856389093253,entry
2022-10-21 19:00:00+00:00,sell,8.406156383649177,1296.05,16.342198471542776,signal
2022-10-21 20:00:00+00:00,buy,8.334417924829545,1303.29,16.293245305876646,entry
2022-10-21 22:00:00+00:00,sell,8.334417924829545,1299.03,16.239988375336985,signal
2022-10-21 23:00:00+00:00,buy,8.294255912537388,1301.41,16.191341380702927,entry
2022-10-22 00:00:00+00:00,sell,8.294255912537388,1299.76,16.170813097319392,signal
2022-10-22 01:00:00+00:00,buy,8.255880971867498,1301.89,16.122373317696866,entry
2022-10-22 02:00:00+00:00,sell,8.255880971867498,1298.98,16.086336397254666,signal
2022-10-22 11:00:00+00:00,buy,8.196760101171417,1304.43,16.03814966815655,entry
2022-11-02 11:00:00+00:00,sell,8.196760101171417,1548.55,19.039639282003495,signal
2022-11-02 12:00:00+00:00,buy,8.133340151979679,1555.95,18.982605914209174,entry
2022-11-02 13:00:00+00:00,sell,8.133340151979679,1553.59,18.953813890071164,signal
2022-11-02 15:00:00+00:00,buy,8.074518385363104,1560.22,18.897037612816835,entry
2022-11-02 20:00:00+00:00,sell,8.074518385363104,1535.93,18.602842535446133,signal
2022-11-04 07:00:00+00:00,buy,7.815005286061041,1582.18,18.54711759525009,entry
2022-11-07 00:00:00+00:00,sell,7.815005286061041,1568.25,18.38382305979784,signal
2022-11-07 03:00:00+00:00,buy,7.671984342695745,1592.7,18.32875419391727,entry
2022-11-07 04:00:00+00:00,sell,7.671984342695745,1587.5,18.26891271604424,signal
2022-11-07 16:00:00+00:00,buy,7.627286116536586,1592.02,18.214188064872864,entry
2022-11-07 17:00:00+00:00,sell,7.627286116536586,1578.19,18.055960014385313,signal
2022-11-07 19:00:00+00:00,buy,7.553561034590466,1588.82,18.001873264467037,entry
2022-11-07 22:00:00+00:00,sell,7.553561034590466,1575.4,17.849820080840733,signal
2022-11-24 00:00:00+00:00,buy,10.01606885741777,1184.52,17.796350824482744,entry
2022-11-24 01:00:00+00:00,sell,10.01606885741777,1182.2,17.76149490485893,signal
2022-11-24 02:00:00+00:00,buy,9.816506309646664,1202.62,17.708290227160905,entry
2022-11-25 05:00:00+00:00,sell,9.816506309646664,1175.51,17.309101998079125,signal
2022-11-25 07:00:00+00:00,buy,9.73303355012376,1182.04,17.257252466382432,entry
2022-11-28 02:00:00+00:00,sell,9.73303355012376,1164.0,16.993876578516087,signal
2022-11-28 17:00:00+00:00,buy,9.596453959932079,1177.03,16.942971306688282,entry
2022-11-28 18:00:00+00:00,sell,9.596453959932079,1172.12,16.872293423273383,signal
2022-11-28 21:00:00+00:00,buy,9.546937922767846,1174.67,16.82175235460656,entry
2022-11-28 23:00:00+00:00,sell,9.546937922767846,1170.82,16.766618788102573,signal
2022-11-29 02:00:00+00:00,buy,9.466914869160561,1177.18,16.716394268517643,entry
2022-12-06 11:00:00+00:00,sell,9.466914869160561,1252.37,17.784120262035916,signal
2022-12-06 12:00:00+00:00,buy,9.410603704048793,1256.09,17.73084780992797,entry
2022-12-06 14:00:00+00:00,sell,9.410603704048793,1253.95,17.700639772037977,signal
2022-12-07 00:00:00+00:00,buy,9.254295378415685,1271.31,17.647617386300468,entry
2022-12-07 04:00:00+00:00,sell,9.254295378415685,1262.28,17.522267955399826,signal
2022-12-07 05:00:00+00:00,buy,9.219124453754064,1263.3,17.469779883641266,entry
2022-12-07 06:00:00+00:00,sell,9.219124453754064,1260.29,17.428155536732564,signal
2022-12-08 19:00:00+00:00,buy,8.998653191102012,1287.3,17.375949379358428,entry
2022-12-09 13:00:00+00:00,sell,8.998653191102012,1261.50125,17.027718373337514,stop_loss
2022-12-10 02:00:00+00:00,buy,8.94292472801776,1265.56,16.976711728185233,entry
2022-12-10 03:00:00+00:00,sell,8.94292472801776,1263.53,16.94948052238842,signal
2022-12-10 04:00:00+00:00,buy,8.904367288041927,1265.2,16.89870823924597,entry
2022-12-10 05:00:00+00:00,sell,8.904367288041927,1264.22,16.88561881933255,signal
2022-12-10 07:00:00+00:00,buy,8.870887816244736,1265.19,16.83503783435202,entry
2022-12-10 08:00:00+00:00,sell,8.870887816244736,1264.58,16.826920972000153,signal
2022-12-10 10:00:00+00:00,buy,8.840190549790108,1265.17,16.77651581681693,entry
2022-12-11 23:00:00+00:00,sell,8.840190549790108,1262.32,16.738724002216575,signal
2022-12-12 21:00:00+00:00,buy,8.783372302213014,1266.68,16.68858304165077,entry
2022-12-15 15:00:00+00:00,sell,8.783372302213014,1269.99,16.732192485131257,signal
2022-12-15 20:00:00+00:00,buy,8.722446316174997,1275.03,16.68207108976891,entry
2022-12-15 21:00:00+00:00,sell,8.722446316174997,1271.32,16.633530676019394,signal
2022-12-16 08:00:00+00:00,buy,8.652420400526546,1277.77,16.58370482277121,entry
2022-12-16 08:00:00+00:00,sell,8.652420400526546,1257.9525,16.326500810840056,stop_loss
2022-12-22 21:00:00+00:00,buy,8.914150110415086,1217.36,16.277594667622363,entry
2022-12-22 22:00:00+00:00,sell,8.914150110415086,1215.04,16.246573425238118,signal
2022-12-22 23:00:00+00:00,buy,8.880942546058131,1215.93,16.197906705042698,entry
2022-12-25 14:00:00+00:00,sell,8.880942546058131,1193.19125,15.894994406563928,stop_loss
2023-01-02 08:00:00+00:00,buy,8.70917051015517,1213.08,15.84738084368855,entry
2023-01-24 23:00:00+00:00,sell,8.70917051015517,1562.17,20.407807343773655,signal
2023-01-25 22:00:00+00:00,buy,8.382483152711362,1618.19,20.346675619329,entry
2023-01-25 23:00:00+00:00,sell,8.382483152711362,1585.95,19.941298734063878,signal
2023-01-26 00:00:00+00:00,buy,8.222572842128612,1611.95,19.881564439303823,entry
2023-01-26 16:00:00+00:00,sell,8.222572842128612,1589.71,19.607259409290414,signal
2023-01-26 19:00:00+00:00,buy,8.14038570081477,1600.95,19.54852573157911,entry
2023-01-27 01:00:00+00:00,sell,8.14038570081477,1588.87,19.401021942680345,signal
2023-01-27 18:00:00+00:00,buy,8.031984441173842,1605.49,19.342906050690285,entry
2023-01-27 21:00:00+00:00,sell,8.031984441173842,1599.12,19.26616043935487,signal
2023-01-29 11:00:00+00:00,buy,7.944679933371377,1611.85,19.20844852590698,entry
2023-01-30 10:00:00+00:00,sell,7.944679933371377,1587.8,18.92184419731061,signal
2023-01-31 20:00:00+00:00,buy,7.873574686869593,1597.34,18.86516368548641,entry
2023-01-31 21:00:00+00:00,sell,7.873574686869593,1586.96,18.742572127611854,signal
2023-02-01 20:00:00+00:00,buy,7.701916625545128,1617.47,18.68642862648072,entry
2023-02-05 18:00:00+00:00,sell,7.701916625545128,1618.13,18.69405352394001,signal
2023-02-05 23:00:00+00:00,buy,7.602962919700899,1634.28,18.63805536061318,entry
2023-02-06 03:00:00+00:00,sell,7.602962919700899,1622.62,18.50507953914761,signal
2023-02-06 04:00:00+00:00,buy,7.561640824896877,1626.6,18.44964744866589,entry
2023-02-06 05:00:00+00:00,sell,7.561640824896877,1624.69,18.42798334770256,signal
2023-02-06 08:00:00+00:00,buy,7.489572319023745,1635.41,18.372782199381938,entry
2023-02-07 00:00:00+00:00,sell,7.489572319023745,1614.28,18.135400204730477,signal
2023-02-07 04:00:00+00:00,buy,7.379458528190304,1633.46,18.0810754911866,entry
2023-02-08 21:00:00+00:00,sell,7.379458528190304,1642.06,18.176270506200254,signal
2023-02-08 22:00:00+00:00,buy,7.3102081970947115,1652.65,18.121823365392864,entry
2023-02-09 03:00:00+00:00,sell,7.3102081970947115,1632.41,17.89988544452907,signal
2023-02-15 12:00:00+00:00,buy,7.567139538853506,1572.26,17.84626621703672,entry
2023-02-21 22:00:00+00:00,sell,7.567139538853506,1642.21,18.640248333150925,signal
2023-02-21 23:00:00+00:00,buy,7.494545299835966,1653.15,18.584411343635743,entry
2023-02-22 02:00:00+00:00,sell,7.494545299835966,1645.07,18.49357745460173,signal
2023-02-23 03:00:00+00:00,buy,7.351746339191304,1672.0,18.43817981869179,entry
2023-02-23 06:00:00+00:00,sell,7.351746339191304,1664.83,18.359111786813788,signal
2023-02-27 14:00:00+00:00,buy,7.350386789835452,1660.15,18.30411694371799,entry
2023-02-27 16:00:00+00:00,sell,7.350386789835452,1644.27,18.12903073038411,signal
2023-02-28 16:00:00+00:00,buy,7.341674372655478,1641.29,18.074725096643565,entry
2023-02-28 17:00:00+00:00,sell,7.341674372655478,1635.58,18.011843655641773,signal
2023-02-28 18:00:00+00:00,buy,7.28303516690836,1643.81,17.957889056573446,entry
2023-02-28 20:00:00+00:00,sell,7.28303516690836,1628.01,17.785281123117716,signal
2023-03-01 04:00:00+00:00,buy,7.215215422311975,1638.39,17.732005193642575,entry
2023-03-02 14:00:00+00:00,sell,7.215215422311975,1628.33,17.62312759291989,signal
2023-03-02 19:00:00+00:00,buy,7.15117812906361,1637.99,17.570337395437356,entry
2023-03-03 01:00:00+00:00,sell,7.15117812906361,1604.5875,17.212036554253284,stop_loss
2023-03-12 19:00:00+00:00,buy,7.467083429170325,1532.1,17.16047778274778,entry
2023-03-12 20:00:00+00:00,sell,7.467083429170325,1512.58,16.941841579941674,signal
2023-03-12 21:00:00+00:00,buy,7.306941872386741,1541.1,16.89109217930281,entry
2023-03-22 20:00:00+00:00,sell,7.306941872386741,1716.84,18.817275126282677,signal
2023-03-23 06:00:00+00:00,buy,7.150035958754189,1749.26,18.760907851815528,entry
2023-03-24 15:00:00+00:00,sell,7.150035958754189,1763.11,18.909449848858646,signal
2023-03-24 16:00:00+00:00,buy,7.112924529103479,1767.0,18.85280646438877,entry
2023-03-24 17:00:00+00:00,sell,7.112924529103479,1762.76,18.807568264383672,signal
2023-03-26 10:00:00+00:00,buy,7.042715518079538,1775.0,18.75123006688677,entry
2023-03-26 11:00:00+00:00,sell,7.042715518079538,1771.44,18.713621966020227,signal
2023-03-26 12:00:00+00:00,buy,6.9966175546867735,1777.77,18.657565185293258,entry
2023-03-26 15:00:00+00:00,sell,6.9966175546867735,1763.63,18.50916692695835,signal
2023-03-26 23:00:00+00:00,buy,6.926800029532956,1776.07,18.453722592678893,entry
2023-03-27 02:00:00+00:00,sell,6.926800029532956,1763.31,18.321143640113633,signal
2023-03-28 19:00:00+00:00,buy,6.851959709156825,1777.23,18.266262530857176,entry
2023-04-02 20:00:00+00:00,sell,6.851959709156825,1781.75,18.31271881768526,signal
2023-04-02 21:00:00+00:00,buy,6.806146731396437,1788.37,18.25786294504117,entry
2023-04-03 02:00:00+00:00,sell,6.806146731396437,1771.89,18.08961499784105,signal
2023-04-03 07:00:00+00:00,buy,6.732601456683538,1785.88,18.035427434192997,entry
2023-04-03 21:00:00+00:00,sell,6.732601456683538,1780.06,17.976651823476146,signal
2023-04-03 22:00:00+00:00,buy,6.656194693620881,1795.1,17.922802641778265,entry
2023-04-09 07:00:00+00:00,sell,6.656194693620881,1834.91,18.320277307907837,signal
2023-04-09 19:00:00+00:00,buy,6.562014005275846,1855.67,18.265398793755345,entry
2023-04-10 14:00:00+00:00,sell,6.562014005275846,1849.89,18.208506132329603,signal
2023-04-10 15:00:00+00:00,buy,6.519414791886402,1856.4,18.153962429486878,entry
2023-04-12 03:00:00+00:00,sell,6.519414791886402,1864.87,18.23679159441779,signal
2023-04-12 13:00:00+00:00,buy,6.44014202127783,1882.17,18.18216316228274,entry
2023-04-19 09:00:00+00:00,sell,6.44014202127783,1987.5,19.199673400934532,signal
2023-04-26 11:00:00+00:00,buy,6.661293916377256,1915.76,19.14216064985834,entry
2023-04-26 12:00:00+00:00,sell,6.661293916377256,1914.58,19.13037015962635,signal
2023-04-26 13:00:00+00:00,buy,6.483269261215272,1961.26,19.073065006876597,entry
2023-04-26 19:00:00+00:00,sell,6.483269261215272,1912.27625,18.596702745865514,stop_loss
2023-04-27 01:00:00+00:00,buy,6.438483043443723,1919.81,18.54099619745054,entry
2023-04-27 02:00:00+00:00,sell,6.438483043443723,1891.05,18.26324003895638,signal
2023-04-27 03:00:00+00:00,buy,6.358105187922276,1909.22,18.20853238032745,entry
2023-04-27 04:00:00+00:00,sell,6.358105187922276,1898.42,18.10553107628311,signal
2023-04-27 05:00:00+00:00,buy,6.299010842214934,1910.49,18.051295835914814,entry
2023-04-27 07:00:00+00:00,sell,6.299010842214934,1881.86,17.780784815295892,signal
2023-04-27 16:00:00+00:00,buy,6.219528595074602,1900.2,17.72752235454114,entry
2023-05-01 00:00:00+00:00,sell,6.219528595074602,1870.08,17.44652405261567,signal
2023-05-01 01:00:00+00:00,buy,6.150772944726768,1885.32,17.394262872228403,entry
2023-05-01 01:00:00+00:00,sell,6.150772944726768,1851.6375,17.083502757662266,stop_loss
2023-05-03 19:00:00+00:00,buy,6.023492656449969,1885.1,17.032329010010756,entry
2023-05-03 20:00:00+00:00,sell,6.023492656449969,1868.02,16.878007128152507,signal
2023-05-03 22:00:00+00:00,buy,5.9366446501396934,1889.67,16.82744894404421,entry
2023-05-04 18:00:00+00:00,sell,5.9366446501396934,1882.39,16.762620784464687,signal
2023-05-05 02:00:00+00:00,buy,5.86730711187409,1898.93,16.7124082409266,entry
2023-05-06 14:00:00+00:00,sell,5.86730711187409,1868.6625000000001,16.446025163913625,stop_loss
2023-05-06 19:00:00+00:00,buy,5.752462289262424,1900.26,16.396760984690722,entry
2023-05-08 00:00:00+00:00,sell,5.752462289262424,1870.41,16.139194485688996,signal
2023-05-15 07:00:00+00:00,buy,5.854805369774103,1832.21,16.090849419830715,entry
2023-05-15 08:00:00+00:00,sell,5.854805369774103,1828.73,16.060287335800492,signal
2023-05-15 09:00:00+00:00,buy,5.828120636544198,1831.6,16.01217863684153,entry
2023-05-15 10:00:00+00:00,sell,5.828120636544198,1828.65,15.986389203024823,signal
2023-05-15 16:00:00+00:00,buy,5.8132056300829404,1827.85,15.938501866420655,entry
2023-05-15 23:00:00+00:00,sell,5.8132056300829404,1823.17,15.897693162897472,signal
2023-05-16 08:00:00+00:00,buy,5.797350244650481,1822.68,15.850071515879309,entry
2023-05-16 09:00:00+00:00,sell,5.797350244650481,1819.8,15.825026962822418,signal
2023-05-16 16:00:00+00:00,buy,5.77871405629284,1820.2,15.77762298789634,entry
2023-05-16 20:00:00+00:00,sell,5.77871405629284,1816.79,15.748064865498401,signal
2023-05-16 21:00:00+00:00,buy,5.747326521510463,1821.24,15.700891431053575,entry
2023-05-17 08:00:00+00:00,sell,5.747326521510463,1807.74,15.584508068992987,signal
2023-05-17 18:00:00+00:00,buy,5.704047198984745,1816.0,15.537824570034445,entry
2023-05-18 16:00:00+00:00,sell,5.704047198984745,1807.99,15.469290442938645,signal
2023-05-18 22:00:00+00:00,buy,5.666026358935969,1814.67,15.422952079155506,entry
2023-05-18 23:00:00+00:00,sell,5.666026358935969,1808.77,15.372807745878921,signal
2023-05-19 09:00:00+00:00,buy,5.650397011131795,1808.34,15.326758396665104,entry
2023-05-19 11:00:00+00:00,sell,5.650397011131795,1807.0,15.31540109867273,signal
2023-05-19 12:00:00+00:00,buy,5.631912848854785,1807.5,15.269523711457536,entry
2023-05-21 11:00:00+00:00,sell,5.631912848854785,1810.16,15.29199504372447,signal
2023-05-21 13:00:00+00:00,buy,5.603743048979635,1813.81,15.24618776950463,entry
2023-05-21 14:00:00+00:00,sell,5.603743048979635,1812.43,15.234588021393241,signal
2023-05-22 10:00:00+00:00,buy,5.571371924913602,1817.5,15.188952710295707,entry
2023-05-22 13:00:00+00:00,sell,5.571371924913602,1810.4,15.12961759929538,signal
2023-05-22 14:00:00+00:00,buy,5.51904561165282,1822.09,15.084296727804729,entry
2023-05-24 08:00:00+00:00,sell,5.51904561165282,1814.07,15.017902609096545,signal
2023-05-26 08:00:00+00:00,buy,5.494547395685211,1816.7,14.972916380611986,entry
2023-05-26 09:00:00+00:00,sell,5.494547395685211,1814.36,14.953630519253128,signal
2023-05-26 13:00:00+00:00,buy,5.476971530474461,1814.73,14.908836818246877,entry
2023-06-05 01:00:00+00:00,sell,5.476971530474461,1882.12,15.462476485404887,signal
2023-06-05 02:00:00+00:00,buy,5.454392475477409,1884.25,15.416158532877462,entry
2023-06-05 03:00:00+00:00,sell,5.454392475477409,1875.0,15.340478837280214,signal
2023-06-06 20:00:00+00:00,buy,5.389704562988727,1891.82,15.294526329530001,entry
2023-06-06 21:00:00+00:00,sell,5.389704562988727,1876.58,15.171317683220078,signal
2023-06-06 22:00:00+00:00,buy,5.364726041928273,1879.67,15.12587189884698,entry
2023-06-07 03:00:00+00:00,sell,5.364726041928273,1876.65,15.101569689877042,signal
2023-06-07 04:00:00+00:00,buy,5.346319900748735,1877.47,15.056332836088092,entry
2023-06-07 07:00:00+00:00,sell,5.346319900748735,1876.44,15.048072771841438,signal
2023-06-17 06:00:00+00:00,buy,5.685117314898676,1759.33,15.002996168431032,entry
2023-06-17 15:00:00+00:00,sell,5.685117314898676,1724.9799999999998,14.710070498780874,stop_loss
2023-06-17 23:00:00+00:00,buy,5.649941976383791,1730.52,14.666006383457516,entry
2023-06-18 00:00:00+00:00,sell,5.649941976383791,1727.75,14.642530874545644,signal
2023-06-18 02:00:00+00:00,buy,5.631094605082293,1728.34,14.598669074621894,entry
2023-06-18 03:00:00+00:00,sell,5.631094605082293,1725.08,14.57113302200304,signal
2023-06-18 04:00:00+00:00,buy,5.601822004290896,1728.9,14.527485094827796,entry
2023-06-19 00:00:00+00:00,sell,5.601822004290896,1720.95,14.460683367426627,signal
2023-06-19 01:00:00+00:00,buy,5.578590971609025,1722.94,14.417366292936084,entry
2023-06-19 16:00:00+00:00,sell,5.578590971609025,1699.98,14.225239619873868,stop_loss
2023-06-19 18:00:00+00:00,buy,5.466030681456895,1729.79,14.182627818715984,entry
2023-06-19 19:00:00+00:00,sell,5.466030681456895,1712.04,14.037094751822194,signal
2023-06-19 20:00:00+00:00,buy,5.41106627611411,1724.25,13.995046539884633,entry
2023-06-28 07:00:00+00:00,sell,5.41106627611411,1860.79,15.103287023895563,signal
2023-06-30 05:00:00+00:00,buy,5.318796589954783,1887.4,15.058045025820984,entry
2023-06-30 07:00:00+00:00,sell,5.318796589954783,1874.65,14.9563230410381,signal
2023-06-30 08:00:00+00:00,buy,5.265897618427243,1887.81,14.9115212745647,entry
2023-06-30 13:00:00+00:00,sell,5.265897618427243,1847.9,14.596278313637553,stop_loss
2023-06-30 17:00:00+00:00,buy,5.110194035140632,1898.5,14.552555063571734,entry
2023-07-05 13:00:00+00:00,sell,5.110194035140632,1901.38,14.574631101803543,signal
2023-07-05 15:00:00+00:00,buy,5.0692386869376165,1911.0,14.530972696106678,entry
2023-07-05 16:00:00+00:00,sell,5.0692386869376165,1902.97,14.469913716122514,signal
2023-07-05 17:00:00+00:00,buy,5.038907659899457,1908.69,14.426568992060242,entry
2023-07-06 01:00:00+00:00,sell,5.038907659899457,1904.5,14.394899457417774,signal
2023-07-06 02:00:00+00:00,buy,5.013941024175043,1908.25,14.35177943907304,entry
2023-07-06 13:00:00+00:00,sell,5.013941024175043,1901.09,14.297929712473401,signal
2023-07-12 07:00:00+00:00,buy,5.028280632050332,1889.99,14.25510016765321,entry
2023-07-12 11:00:00+00:00,sell,5.028280632050332,1887.06,14.233000874275348,signal
2023-07-12 12:00:00+00:00,buy,5.003699194889798,1890.65,14.190365824227596,entry
2023-07-12 16:00:00+00:00,sell,5.003699194889798,1883.77,14.13872764853633,signal
2023-07-12 17:00:00+00:00,buy,4.984318341022708,1885.43,14.096374994571665,entry
2023-07-12 20:00:00+00:00,sell,4.984318341022708,1870.04,13.981312005669157,signal
2023-07-13 10:00:00+00:00,buy,4.935552259620532,1882.86,13.93943089132367,entry
2023-07-17 16:00:00+00:00,sell,4.935552259620532,1908.81,14.1315472630294,signal
2023-07-17 22:00:00+00:00,buy,4.900256023218531,1916.8,14.08921611795792,entry
2023-07-17 23:00:00+00:00,sell,4.900256023218531,1909.78,14.037616422033429,signal
2023-07-18 00:00:00+00:00,buy,4.881921800823991,1911.21,13.99556664742923,entry
2023-07-18 03:00:00+00:00,sell,4.881921800823991,1907.4,13.967666464337524,signal
2023-07-20 12:00:00+00:00,buy,4.8316570907701095,1921.47,13.925826225303064,entry
2023-07-20 13:00:00+00:00,sell,4.8316570907701095,1916.37,13.888864048558672,signal
2023-07-27 05:00:00+00:00,buy,4.909879626595113,1880.19,13.847259862691798,entry
2023-07-27 06:00:00+00:00,sell,4.909879626595113,1878.18,13.832456575617615,signal
2023-07-27 10:00:00+00:00,buy,4.88005002077711,1884.0,13.791021358716113,entry
2023-07-27 11:00:00+00:00,sell,4.88005002077711,1877.5,13.743440871013537,signal
2023-07-28 15:00:00+00:00,buy,4.862324054312426,1878.7,13.70227230125513,entry
2023-07-28 18:00:00+00:00,sell,4.862324054312426,1871.23,13.64778996022656,signal
2023-07-28 19:00:00+00:00,buy,4.835819464390754,1875.85,13.606907913416093,entry
2023-07-29 10:00:00+00:00,sell,4.835819464390754,1870.78,13.570131506389401,signal
2023-07-29 13:00:00+00:00,buy,4.816982234161586,1872.47,13.529482086000819,entry
2023-07-30 19:00:00+00:00,sell,4.816982234161586,1859.61875,13.436625721595664,stop_loss
2023-07-31 01:00:00+00:00,buy,4.7683184883492515,1872.97,13.396376218685248,entry
2023-07-31 05:00:00+00:00,sell,4.7683184883492515,1863.77,13.330573423546028,signal
2023-07-31 09:00:00+00:00,buy,4.741898880412584,1868.54,13.290641601009193,entry
2023-07-31 14:00:00+00:00,sell,4.741898880412584,1864.3,13.260483124129768,signal
2023-08-02 00:00:00+00:00,buy,4.704528918574787,1873.48,13.220761257557239,entry
2023-08-02 04:00:00+00:00,sell,4.704528918574787,1863.29,13.148852533036822,signal
2023-08-08 13:00:00+00:00,buy,4.735419768801047,1845.59,13.109465056652285,entry
2023-08-08 14:00:00+00:00,sell,4.735419768801047,1835.58,13.038362728823738,signal
2023-08-08 16:00:00+00:00,buy,4.700747540254078,1843.58,12.999306225392418,entry
2023-08-13 23:00:00+00:00,sell,4.700747540254078,1839.14,12.967999246774328,signal
2023-08-14 04:00:00+00:00,buy,4.667278007352518,1846.78,12.929153517627727,entry
2023-08-14 19:00:00+00:00,sell,4.667278007352518,1843.18,12.903950216388022,signal
2023-08-15 01:00:00+00:00,buy,4.643145192495213,1847.21,12.865296346543625,entry
2023-08-15 02:00:00+00:00,sell,4.643145192495213,1846.09,12.857495862620231,signal
2023-08-29 15:00:00+00:00,buy,4.964902532652307,1721.28,12.818981147105644,entry
2023-08-31 15:00:00+00:00,sell,4.964902532652307,1693.09125,12.60904955270469,stop_loss
2023-09-07 22:00:00+00:00,buy,5.090658381434939,1646.32,12.571279059785953,entry
2023-09-08 10:00:00+00:00,sell,5.090658381434939,1635.63,12.489650352639645,signal
2023-09-08 21:00:00+00:00,buy,5.071192664923402,1636.99,12.452237520829438,entry
2023-09-08 22:00:00+00:00,sell,5.071192664923402,1634.46,12.432992344666054,signal
2023-09-08 23:00:00+00:00,buy,5.051520451329069,1635.91,12.395749232300608,entry
2023-09-09 04:00:00+00:00,sell,5.051520451329069,1634.48,12.384913720932504,signal
2023-09-09 07:00:00+00:00,buy,5.032939850170576,1635.6,12.347814628408493,entry
2023-09-09 14:00:00+00:00,sell,5.032939850170576,1631.1,12.31384228441984,signal
2023-09-09 16:00:00+00:00,buy,5.005343381916329,1635.18,12.276956086862914,entry
2023-09-09 19:00:00+00:00,sell,5.005343381916329,1633.13,12.261564655963522,signal
2023-09-09 20:00:00+00:00,buy,4.987692801466742,1634.0,12.224835056394983,entry
2023-09-10 01:00:00+00:00,sell,4.987692801466742,1632.08,12.210470501126759,signal
2023-09-14 01:00:00+00:00,buy,4.9625659936299735,1635.43,12.173893954443402,entry
2023-09-14 05:00:00+00:00,sell,4.9625659936299735,1615.76,12.027473444801348,signal
2023-09-14 07:00:00+00:00,buy,4.935908862174913,1619.62,11.991445067033599,entry
2023-09-15 15:00:00+00:00,sell,4.935908862174913,1614.64,11.954573827833155,signal
2023-09-15 16:00:00+00:00,buy,4.906446274134692,1619.47,11.918763821359365,entry
2023-09-18 01:00:00+00:00,sell,4.906446274134692,1612.63,11.868423682586743,signal
2023-09-18 02:00:00+00:00,buy,4.88000764587648,1616.51,11.832871739453683,entry
2023-09-20 20:00:00+00:00,sell,4.88000764587648,1616.16,11.8303097354396,signal
2023-09-27 10:00:00+00:00,buy,4.876856269853755,1612.36,11.7948719628921,entry
2023-09-27 14:00:00+00:00,sell,4.876856269853755,1593.1987499999998,11.654701969590997,stop_loss
2023-09-27 16:00:00+00:00,buy,4.8366217257684525,1601.64,11.619790231289677,entry
2023-09-27 17:00:00+00:00,sell,4.8366217257684525,1598.4,11.596284249702443,signal
2023-09-28 01:00:00+00:00,buy,4.8067965916535815,1603.5,11.561547502074777,entry
2023-10-04 01:00:00+00:00,sell,4.8067965916535815,1638.45,11.813543813392217,signal
2023-10-04 10:00:00+00:00,buy,4.753780316461315,1651.76,11.778156263277213,entry
2023-10-04 11:00:00+00:00,sell,4.753780316461315,1646.35,11.739579336009129,signal
2023-10-16 06:00:00+00:00,buy,4.922153469959749,1585.27,11.704413346984637,entry
2023-10-16 13:00:00+00:00,sell,4.922153469959749,1566.47875,11.565673222396065,stop_loss
2023-10-17 20:00:00+00:00,buy,4.914746834386951,1564.14,11.531028170307009,entry
2023-10-17 21:00:00+00:00,sell,4.914746834386951,1560.0,11.500507592465464,signal
2023-10-18 00:00:00+00:00,buy,4.884338436372111,1565.01,11.466057744460077,entry
2023-10-18 21:00:00+00:00,sell,4.884338436372111,1562.19,11.445396992874223,signal
2023-10-18 23:00:00+00:00,buy,4.86220641230617,1564.6,11.41111222904135,entry
2023-10-19 01:00:00+00:00,sell,4.86220641230617,1542.2224999999999,11.247906193054279,stop_loss
2023-10-19 17:00:00+00:00,buy,4.779255770666279,1564.29,11.214213014243331,entry
2023-11-01 15:00:00+00:00,sell,4.779255770666279,1786.16,12.804773230999922,signal
2023-11-01 17:00:00+00:00,buy,4.73624876050696,1796.98,12.766416446483698,entry
2023-11-02 23:00:00+00:00,sell,4.73624876050696,1795.91,12.758814767223084,signal
2023-11-03 00:00:00+00:00,buy,4.709264878782777,1800.79,12.720595651594858,entry
2023-11-03 01:00:00+00:00,sell,4.709264878782777,1786.86,12.62219556195269,signal
2023-11-03 14:00:00+00:00,buy,4.64079924108982,1807.79,12.584385690074647,entry
2023-11-14 19:00:00+00:00,sell,4.64079924108982,1966.17,13.686900365780357,signal
2023-11-15 12:00:00+00:00,buy,4.5188993633513,2013.16,13.645901163486457,entry
2023-11-16 16:00:00+00:00,sell,4.5188993633513,1995.67,13.527347838688934,signal
2023-11-20 00:00:00+00:00,buy,4.469973560651431,2011.47,13.486826577065301,entry
2023-11-20 01:00:00+00:00,sell,4.469973560651431,2005.88,13.44934584875924,signal
2023-11-20 03:00:00+00:00,buy,4.449396831323222,2009.12,13.409058242622168,entry
2023-11-20 04:00:00+00:00,sell,4.449396831323222,1999.51,13.344920187298644,signal
2023-11-20 07:00:00+00:00,buy,4.420658861599848,2006.48,13.304945388934293,entry
2023-11-21 15:00:00+00:00,sell,4.420658861599848,1989.71,13.193743715270749,signal
2023-11-21 17:00:00+00:00,buy,4.373566127559842,2005.11,13.154221767047272,entry
2023-11-21 18:00:00+00:00,sell,4.373566127559842,1975.81,12.962003535741019,signal
2023-11-22 07:00:00+00:00,buy,4.320167337527823,1994.24,12.92317576678723,entry
2023-11-22 08:00:00+00:00,sell,4.320167337527823,1993.73,12.91987083877402,signal
2023-11-22 09:00:00+00:00,buy,4.287120926638964,2003.08,12.881169278597962,entry
2023-11-27 11:00:00+00:00,sell,4.287120926638964,2024.99,13.022065507851954,signal
2023-11-28 17:00:00+00:00,buy,4.208644433160032,2056.57,12.983057822855892,entry
2023-11-29 11:00:00+00:00,sell,4.208644433160032,2048.12,12.929713254665588,signal
2023-11-29 12:00:00+00:00,buy,4.186165343032024,2052.95,12.89098221146639,entry
2023-11-29 15:00:00+00:00,sell,4.186165343032024,2036.24,12.786055977143294,signal
2023-12-01 02:00:00+00:00,buy,4.069151124651953,2088.52,12.747755260287148,entry
2023-12-11 03:00:00+00:00,sell,4.069151124651953,2229.8,13.61008976662339,signal
2023-12-14 10:00:00+00:00,buy,3.958193506428218,2285.44,13.56932065099696,entry
2023-12-14 13:00:00+00:00,sell,3.958193506428218,2236.3762500000003,13.278014926020436,stop_loss
2023-12-14 15:00:00+00:00,buy,3.857262478130197,2288.02,13.23824054281718,entry
2023-12-14 16:00:00+00:00,sell,3.857262478130197,2275.0,13.162908206619298,signal
2023-12-14 18:00:00+00:00,buy,3.7962648021214727,2304.63,13.123478626369817,entry
2023-12-15 04:00:00+00:00,sell,3.7962648021214727,2280.45,12.985788101996869,signal
2023-12-19 02:00:00+00:00,buy,3.8405361686606807,2247.41,12.94688908621455,entry
2023-12-19 14:00:00+00:00,sell,3.8405361686606807,2225.39,12.82003617656369,signal
2023-12-20 14:00:00+00:00,buy,3.7905200687399625,2248.0,12.781633671791155,entry
2023-12-20 17:00:00+00:00,sell,3.7905200687399625,2223.21,12.64068318303506,signal
2023-12-20 18:00:00+00:00,buy,3.7639958519776595,2232.17,12.60281793136346,entry
2023-12-20 20:00:00+00:00,sell,3.7639958519776595,2204.51,12.446649743464906,signal
2023-12-21 11:00:00+00:00,buy,3.685826136625888,2244.52,12.409365720269308,entry
2023-12-21 15:00:00+00:00,sell,3.685826136625888,2215.59,12.249419295070428,signal
2023-12-21 16:00:00+00:00,buy,3.6469343405740027,2232.51,12.212726077012302,entry
2023-12-21 20:00:00+00:00,sell,3.6469343405740027,2225.12,12.172299809847038,signal
2023-12-21 21:00:00+00:00,buy,3.612630564801588,2239.52,12.135837603726678,entry
2023-12-26 06:00:00+00:00,sell,3.612630564801588,2234.69,12.109664095284693,signal
2023-12-27 11:00:00+00:00,buy,3.5323998697649026,2278.6,12.07338951486946,entry
2023-12-29 22:00:00+00:00,sell,3.5323998697649026,2285.82,12.111645405459015,signal
2023-12-30 00:00:00+00:00,buy,3.501323616914812,2299.2,12.075364890015802,entry
2023-12-30 03:00:00+00:00,sell,3.501323616914812,2293.79,12.046951648864539,signal
2023-12-30 05:00:00+00:00,buy,3.4789143799753033,2301.65,12.010864924005237,entry
2023-12-30 08:00:00+00:00,sell,3.4789143799753033,2295.69,11.979763429448257,signal
2023-12-30 15:00:00+00:00,buy,3.4591811490521627,2301.87,11.943877967353052,entry
2023-12-30 20:00:00+00:00,sell,3.4591811490521627,2299.88,11.933552311623133,signal
2023-12-30 22:00:00+00:00,buy,3.4464215128939744,2301.48,11.897805275242836,entry
2023-12-30 23:00:00+00:00,sell,3.4464215128939744,2287.83,11.827239794766331,signal
2023-12-31 01:00:00+00:00,buy,3.41638634821415,2301.03,11.79181121824681,entry
2023-12-31 02:00:00+00:00,sell,3.41638634821415,2289.8,11.734262190211142,signal
2023-12-31 10:00:00+00:00,buy,3.3760894497083864,2310.19,11.699112128732727,entry
2023-12-31 16:00:00+00:00,sell,3.3760894497083864,2299.0,11.64244446731937,signal
2023-12-31 17:00:00+00:00,buy,3.3583656137964044,2304.21,11.60756944644872,entry
2023-12-31 18:00:00+00:00,sell,3.3583656137964044,2298.34,11.577999037219243,signal
2023-12-31 19:00:00+00:00,buy,3.3412403216014854,2303.2,11.54331706306881,entry
2023-12-31 20:00:00+00:00,sell,3.3412403216014854,2294.83,11.501367790831106,signal
