,value
Gross Profit (USDT),"55,114.21"
Net Profit (USDT),"-2,343.92"
Total Closed Trades,426
Win Rate (%),12.44
Max Drawdown (%),-69.20
Gross Loss (USDT),"-57,458.13"
Average Winning Trade (USDT),"1,039.89"
Average Losing Trade (USDT),-154.04
Buy-and-Hold Return (%),209.92
Largest Losing Trade (USDT),"-1,237.70"
Largest Winning Trade (USDT),"7,688.80"
Sharpe Ratio,0.11
Sortino Ratio,0.18
Average Holding Duration,1 days 08:08:01.690140
Maximum Holding Duration,22 days 15:00:00
Total Return (%),-23.44
Annualised Return (%),-8.52
Calmar Ratio,-0.12
Exposure (%),52.09
Long Trades,426
Short Trades,0
Total Fees (USDT),"16,350.24"
Max Drawdown Recovery Time,None
Longest Time Under Water,781 days 08:00:00
Quarters Beating Buy-and-Hold (%),25.00
Buy-and-Hold Max Drawdown (%),-81.34
Buy-and-Hold Sharpe Ratio,0.87
Orders Deferred by Outages,0
