entry_time,exit_time,side,qty,entry_price,exit_price,gross_pnl,fees,net_pnl,return_pct,bars_held,duration,exit_reason,mae_pct,mfe_pct
2021-01-09 08:00:00+00:00,2021-01-11 03:00:00+00:00,long,8.345192199164687,1196.5,1081.9975,-955.5453697848551,28.521749344224364,-984.0671191290795,-9.855432198077732,43,1 days 19:00:00,stop_loss,-15.511073965733392,12.68951107396572
2021-01-11 10:00:00+00:00,2021-01-11 11:00:00+00:00,long,7.929559796543113,1135.3,1112.01,-184.6794476614888,26.730268539553954,-211.40971620104278,-2.3483629877565373,1,0 days 01:00:00,signal,-2.294547696644056,1.2939311195278913
2021-01-14 11:00:00+00:00,2021-01-15 16:00:00+00:00,long,7.521355315420483,1168.85,1141.66,-204.50565102628164,26.067250004748274,-230.57290103102991,-2.6227287504812278,29,1 days 05:00:00,signal,-3.628352654318334,7.539889635111452
2021-01-16 00:00:00+00:00,2021-01-16 03:00:00+00:00,long,7.3267052929769765,1168.48,1163.52,-36.34045825316607,25.628815114833465,-61.969273367999534,-0.7238463645077395,3,0 days 03:00:00,signal,-0.8686498699164824,2.5349171573325835
2021-01-16 04:00:00+00:00,2021-01-16 06:00:00+00:00,long,7.2074422649167325,1179.23,1164.12,-108.90445262289275,25.334339747238936,-134.2387923701317,-1.5794225893167684,2,0 days 02:00:00,signal,-2.3286381791508104,0.45453389075922335
2021-01-16 07:00:00+00:00,2021-01-21 15:00:00+00:00,long,7.130662762261025,1173.13,1204.41,223.04713120352466,25.430153915679117,197.61697728784551,2.362371604170038,128,5 days 08:00:00,signal,-0.6930178241115748,22.603633015948766
2021-01-22 19:00:00+00:00,2021-01-22 21:00:00+00:00,long,6.786974898808215,1261.61,1248.85,-86.60179970879277,25.557643506693104,-112.15944321548587,-1.3098889514192176,2,0 days 02:00:00,signal,-1.3237054240216706,0.9654330577595349
2021-01-23 06:00:00+00:00,2021-01-23 11:00:00+00:00,long,6.688027942394714,1263.53,1246.5,-113.8971158589818,25.180726164373503,-139.07784202335532,-1.645789573654759,5,0 days 05:00:00,signal,-2.097298837384154,0.7051672694752043
2021-01-23 18:00:00+00:00,2021-01-23 19:00:00+00:00,long,6.633456299202079,1252.99,1248.96,-26.732828885784198,24.894863981682967,-51.62769286746717,-0.6211482134733696,1,0 days 01:00:00,signal,-0.7126952330026581,0.6121357712352005
2021-01-23 20:00:00+00:00,2021-01-23 21:00:00+00:00,long,6.566947871350439,1257.83,1251.15,-43.867211780619854,24.714511305391238,-68.5817230860111,-0.8302767464601605,1,0 days 01:00:00,signal,-1.1535740123864158,0.16138905893483546
2021-01-24 03:00:00+00:00,2021-01-26 13:00:00+00:00,long,6.516598546141395,1257.04,1273.02,104.13524476733961,24.731077976475746,79.40416679086387,0.9693335136511184,58,2 days 10:00:00,signal,-0.013523833768225302,17.339145930121557
2021-01-26 17:00:00+00:00,2021-01-27 03:00:00+00:00,long,6.321634329784878,1308.35,1301.69,-42.10208463636637,24.749577699167585,-66.85166233553396,-0.8082745442733104,10,0 days 10:00:00,signal,-0.6382084304658475,5.0345855466809475
2021-01-27 04:00:00+00:00,2021-01-27 06:00:00+00:00,long,6.267453067845976,1309.01,1284.0,-156.7490012268278,24.37735271918294,-181.12635394601074,-2.2077382907693592,2,0 days 02:00:00,signal,-2.741002742530607,0.8410936509270384
2021-01-28 06:00:00+00:00,2021-01-28 08:00:00+00:00,long,6.165085306707385,1301.41,1284.93,-101.60060585453782,23.91751009822437,-125.51811595276219,-1.5644193605397234,2,0 days 02:00:00,signal,-1.6958529594824245,1.8126493572356184
2021-01-28 10:00:00+00:00,2021-01-31 16:00:00+00:00,long,6.067103672868828,1301.77,1311.01,56.060037937308024,23.778010701597324,32.2820272357107,0.40873810273704336,78,3 days 06:00:00,signal,-1.6523656252640628,10.380481959178667
2021-02-01 22:00:00+00:00,2021-02-15 03:00:00+00:00,long,5.874271087157004,1349.99,1719.47,2170.42568128277,27.046260196777407,2143.3794210859924,27.028037985466558,317,13 days 05:00:00,signal,-0.5133371358306382,38.646952940392154
2021-02-15 08:00:00+00:00,2021-02-16 16:00:00+00:00,long,5.755553239613,1749.68,1773.23,135.54327879288587,30.41444409504755,105.12883469783833,1.0439414635819095,32,1 days 08:00:00,signal,-0.5235243015865754,4.917470623199671
2021-02-17 00:00:00+00:00,2021-02-17 01:00:00+00:00,long,5.710103743521269,1781.99,1765.18,-95.98684392859222,30.382063043859507,-126.36890697245173,-1.2419124125275645,1,0 days 01:00:00,signal,-1.1537662949848149,0.24018092132951363
2021-02-17 08:00:00+00:00,2021-02-22 05:00:00+00:00,long,5.56386132513982,1806.15,1864.22,323.093427150869,30.632144537930163,292.4612826129388,2.9103034078011203,117,4 days 21:00:00,signal,-0.9356919414223674,13.076986961215841
2021-02-22 07:00:00+00:00,2021-02-22 09:00:00+00:00,long,5.5223707039104,1872.6,1855.21,-96.03402654100115,30.87952310061634,-126.9135496416175,-1.227262362490648,2,0 days 02:00:00,signal,-0.9932713873758381,0.9847271173769157
2021-03-02 02:00:00+00:00,2021-03-02 04:00:00+00:00,long,6.51553406924601,1567.71,1555.7,-78.25156417164453,30.526026400835526,-108.77759057248007,-1.0649364359479745,2,0 days 02:00:00,signal,-1.2668159289664582,1.1028825484305171
2021-03-02 05:00:00+00:00,2021-03-02 06:00:00+00:00,long,6.406246115453589,1577.5,1557.56,-127.74054754214492,30.125948920070897,-157.86649646221582,-1.5621293185420002,1,0 days 01:00:00,signal,-1.2855784469096632,0.36513470681458493
2021-03-02 09:00:00+00:00,2021-03-02 17:00:00+00:00,long,6.383080977422891,1558.53,1497.59,-388.9849547641513,29.261192155082465,-418.2461469192338,-4.204229626635359,8,0 days 08:00:00,signal,-4.6871090065638725,2.2014334019877735
2021-03-03 05:00:00+00:00,2021-03-04 19:00:00+00:00,long,6.186855535619022,1540.46,1507.77,-202.24830745938615,28.28843797400996,-230.5367454333961,-2.418910260571521,38,1 days 14:00:00,signal,-2.1824649779935923,7.561377770276412
2021-03-04 20:00:00+00:00,2021-03-04 22:00:00+00:00,long,6.091321247390772,1526.83,1517.93,-54.21275910177704,27.81991692180829,-82.03267602358532,-0.8820327082910254,2,0 days 02:00:00,signal,-1.340686258457069,0.7040731450128623
2021-03-04 23:00:00+00:00,2021-03-05 01:00:00+00:00,long,6.026228294435636,1529.73,1479.17,-304.6861025666654,27.198477472691078,-331.8845800393565,-3.600200689010476,2,0 days 02:00:00,signal,-3.8980735162414404,1.1812542082589639
2021-03-05 18:00:00+00:00,2021-03-15 08:00:00+00:00,long,5.896792344325136,1507.11,1793.82,1690.66933304146,29.197348129729757,1661.4719849117303,18.69529131914725,230,9 days 14:00:00,signal,-0.2508111551247083,29.008499711368117
2021-03-17 19:00:00+00:00,2021-03-18 09:00:00+00:00,long,5.789946591837884,1821.45,1805.82,-90.49686523042676,31.502549361263704,-121.99941459169047,-1.156820390348355,14,0 days 14:00:00,signal,-0.9602239973647397,1.567432540009328
2021-03-18 10:00:00+00:00,2021-03-18 12:00:00+00:00,long,5.751676808052217,1812.39,1799.64,-73.33387930266576,31.162843771483274,-104.49672307414905,-1.002435734030755,2,0 days 02:00:00,signal,-1.1211714917870985,0.5043064682546117
2021-03-18 16:00:00+00:00,2021-03-18 17:00:00+00:00,long,5.66338933684777,1822.22,1811.0,-63.54322835943213,30.864509109633083,-94.4077374690652,-0.9148088595230007,1,0 days 01:00:00,signal,-0.6936593825114468,0.5416470020085384
2021-03-18 18:00:00+00:00,2021-03-18 19:00:00+00:00,long,5.628181971978524,1816.87,1794.66,-125.00192159764194,30.489522055889395,-155.49144365353132,-1.5205983366999183,1,0 days 01:00:00,signal,-1.4789170386433792,0.3687660647156976
2021-03-19 11:00:00+00:00,2021-03-19 14:00:00+00:00,long,5.559527224331071,1811.38,1808.75,-14.621556599991324,30.189316935926463,-44.810873535917786,-0.44497537788868763,3,0 days 03:00:00,signal,-0.5730437566938029,0.8954498779935705
2021-03-19 15:00:00+00:00,2021-03-20 00:00:00+00:00,long,5.514277123038367,1818.13,1809.01,-50.29020736211056,30.001582686086074,-80.29179004819663,-0.8008618745634316,9,0 days 09:00:00,signal,-0.7766221337308199,1.2364352384042876
2021-03-20 01:00:00+00:00,2021-03-21 00:00:00+00:00,long,5.477894618748204,1815.57,1806.57,-49.30105156873383,29.76255182152893,-79.06360339026277,-0.7949685222822584,23,0 days 23:00:00,signal,-0.7463220916847035,2.9335139928507337
2021-03-27 21:00:00+00:00,2021-03-28 00:00:00+00:00,long,5.744652724479966,1717.52,1712.52,-28.72326362239983,29.5565829466129,-58.279846569012726,-0.5906807489869114,3,0 days 03:00:00,signal,-0.4058176906236888,0.882085798127541
2021-03-28 05:00:00+00:00,2021-03-28 12:00:00+00:00,long,5.707547550242607,1718.49,1703.36,-86.35519443517127,29.295557377196495,-115.65075181236777,-1.1791034571047905,7,0 days 07:00:00,signal,-1.0974751089619317,0.417226751392219
2021-03-28 16:00:00+00:00,2021-03-28 17:00:00+00:00,long,5.671637880473088,1709.01,1704.56,-25.238788568105498,29.040799379469778,-54.27958794757528,-0.5599940901457596,1,0 days 01:00:00,signal,-0.5605584519692619,0.3194832095774869
2021-03-29 04:00:00+00:00,2021-03-29 06:00:00+00:00,long,5.681479958028839,1696.51,1689.0,-42.667914484796526,28.852060819059325,-71.51997530385584,-0.742009478281884,2,0 days 02:00:00,signal,-0.6489793753057693,0.32360551956664985
2021-03-29 07:00:00+00:00,2021-04-07 12:00:00+00:00,long,5.637359000881305,1697.12,1977.88,1582.7449130874363,31.075941492358194,1551.6689715950781,16.218505468087127,221,9 days 05:00:00,signal,-0.03535401150183137,26.744131234090695
2021-04-08 05:00:00+00:00,2021-04-08 06:00:00+00:00,long,5.5069301723616215,2018.66,2011.11,-41.57732280133124,33.287493001016536,-74.86481580234778,-0.6734494664777715,1,0 days 01:00:00,signal,-0.7222613020518631,0.2997037638829747
2021-04-08 08:00:00+00:00,2021-04-08 09:00:00+00:00,long,5.445271440813556,2027.79,2015.02,-69.53611629918902,33.021296750453175,-102.5574130496422,-0.928805004462986,1,0 days 01:00:00,signal,-0.9285971427021478,0.45418904324412424
2021-04-08 13:00:00+00:00,2021-04-18 03:00:00+00:00,long,5.390092960325535,2029.55,2254.3,1211.423392833165,34.63552459213581,1176.7878682410292,10.757272548101806,230,9 days 14:00:00,signal,-0.3123845187356755,25.55936044936069
2021-04-20 20:00:00+00:00,2021-04-21 01:00:00+00:00,long,5.21095852903005,2324.81,2286.09,-201.76831424404247,36.040813022256984,-237.80912726629947,-1.9630141818040958,5,0 days 05:00:00,signal,-1.8414408059153176,1.6418546031718773
2021-04-21 02:00:00+00:00,2021-04-21 04:00:00+00:00,long,5.116809359907381,2321.18,2284.0,-190.24297200135558,35.345742192087414,-225.588714193443,-1.8993688554959047,2,0 days 02:00:00,signal,-1.637529187740705,0.6957668082613111
2021-04-21 05:00:00+00:00,2021-04-21 06:00:00+00:00,long,5.052834015799409,2305.99,2303.5,-12.581556699339425,34.936481801230826,-47.51803850057025,-0.407817683511194,1,0 days 01:00:00,signal,-1.049007150941661,0.5737232164926942
2021-04-21 07:00:00+00:00,2021-04-21 08:00:00+00:00,long,5.010465299908898,2316.02,2294.18,-109.42856215001106,34.64887068846,-144.07743283847105,-1.2415825424650972,1,0 days 01:00:00,signal,-1.3475704009464518,0.0034542016044802892
2021-04-21 13:00:00+00:00,2021-04-23 02:00:00+00:00,long,4.8386247238877536,2368.54,2321.81,-226.1089333472748,34.04226521053039,-260.1511985578052,-2.2699859407060896,37,1 days 13:00:00,signal,-5.004770871507336,11.649792699299976
2021-04-23 16:00:00+00:00,2021-04-23 17:00:00+00:00,long,4.799572628452636,2333.69,2326.29,-35.51683745054994,33.548868685705074,-69.06570613625502,-0.6166187454203467,1,0 days 01:00:00,signal,-1.5019132789702239,0.745600315380357
2021-04-23 19:00:00+00:00,2021-04-23 21:00:00+00:00,long,4.745639807881506,2345.68,2319.89,-122.39005064526387,33.21167207768658,-155.60172272295046,-1.3978187561815747,2,0 days 02:00:00,signal,-1.3318099655536875,1.379130998260658
2021-04-24 00:00:00+00:00,2021-04-24 01:00:00+00:00,long,4.636491543359192,2367.39,2264.44,-477.32680438882795,32.21316093791611,-509.53996532674404,-4.642147892827114,1,0 days 01:00:00,signal,-5.169828376397634,0.057024824807072605
2021-04-25 12:00:00+00:00,2021-04-25 20:00:00+00:00,long,4.575003022161958,2288.0,2268.51,-89.16680890193557,31.26907053076678,-120.43587943270235,-1.1505579108391513,8,0 days 08:00:00,signal,-0.9864510489510536,3.0000000000000027
2021-04-26 00:00:00+00:00,2021-05-13 10:00:00+00:00,long,4.459219552549577,2320.44,3725.28,6264.489996203748,40.438789249860044,6224.051206953888,60.1511532295599,418,17 days 10:00:00,signal,-0.7240006205719629,88.44357104687042
2021-05-13 13:00:00+00:00,2021-05-13 16:00:00+00:00,long,4.349468604721339,3807.84,3747.01,-264.5781752251987,49.28937433256851,-313.86754955776723,-1.895097351779485,3,0 days 03:00:00,signal,-2.175511576116651,2.420269759233573
2021-05-14 01:00:00+00:00,2021-05-14 03:00:00+00:00,long,4.250755539098192,3822.54,3789.97,-138.4471079084288,48.53837857341056,-186.98548648183933,-1.1507731769974978,2,0 days 02:00:00,signal,-1.1913544397180953,2.118486660702046
2021-05-14 06:00:00+00:00,2021-05-14 07:00:00+00:00,long,4.175716660796011,3846.52,3809.08,-156.3388317802029,47.951424702584916,-204.2902564827878,-1.271887316327487,1,0 days 01:00:00,signal,-1.6630616765283879,0.3798238407703547
2021-05-14 08:00:00+00:00,2021-05-15 11:00:00+00:00,long,4.084911315817608,3882.09,3844.35,-154.16455305895747,47.3427332804787,-201.50728633943615,-1.2706985154903732,27,1 days 03:00:00,signal,-2.663513725853861,7.500856497402153
2021-05-15 12:00:00+00:00,2021-05-15 14:00:00+00:00,long,4.012472454568551,3902.03,3888.79,-53.12513529848856,46.89067597275263,-100.0158112712412,-0.6388015981425114,2,0 days 02:00:00,signal,-1.0714935559183347,0.8398192735576071
2021-05-25 23:00:00+00:00,2021-05-28 09:00:00+00:00,long,5.730855075590516,2714.59,2506.45,-1192.8201754334118,44.881535375791664,-1237.7017108092034,-7.955955042934671,58,2 days 10:00:00,signal,-8.42631852323924,7.198508798750458
2021-05-28 13:00:00+00:00,2021-05-28 17:00:00+00:00,long,5.5879703534931595,2562.84,2470.02,-518.675408211236,42.18520870992238,-560.8606169211583,-3.916330711242222,4,0 days 04:00:00,signal,-3.6225437405378424,2.1437155655444684
2021-05-29 02:00:00+00:00,2021-05-29 03:00:00+00:00,long,5.44621222561436,2526.72,2514.36,-67.31518310859171,41.182187289450056,-108.49737039804177,-0.7884379749239994,1,0 days 01:00:00,signal,-1.136651469098271,0.5386429837892726
2021-05-29 04:00:00+00:00,2021-05-29 05:00:00+00:00,long,5.406396289775993,2525.29,2468.7,-305.9479660384242,40.49923351076762,-346.4471995491918,-2.537569348470874,1,0 days 01:00:00,signal,-2.4884270717422607,0.4007460529285689
2021-05-29 06:00:00+00:00,2021-05-29 08:00:00+00:00,long,5.23699690644328,2540.92,2488.76,-273.16175864008073,39.51062790059946,-312.67238654068024,-2.3497205736504836,2,0 days 02:00:00,signal,-2.354658942430299,0.5844339845410218
2021-05-31 09:00:00+00:00,2021-06-01 13:00:00+00:00,long,5.212429241516169,2493.0,2557.41,335.73256744605567,39.48735714846852,296.24521029758716,2.2797587244283934,28,1 days 04:00:00,signal,-0.3658243080625678,9.907741676694748
2021-06-01 14:00:00+00:00,2021-06-01 17:00:00+00:00,long,5.04461358291309,2634.57,2538.47,-484.7873653179498,39.143981773429104,-523.9313470913789,-3.942182595262239,3,0 days 03:00:00,signal,-4.004828112367487,0.3757728965257945
2021-06-01 19:00:00+00:00,2021-06-01 20:00:00+00:00,long,4.955611484592244,2576.32,2542.68,-166.70677034168472,38.05166278444155,-204.75843312612625,-1.6037798099615082,1,0 days 01:00:00,signal,-1.8755434107564306,0.0015526021612144447
2021-06-01 21:00:00+00:00,2021-06-05 22:00:00+00:00,long,4.872036308968917,2578.55,2563.05,-75.51656278901821,37.575092829291876,-113.09165561831009,-0.9002113590971671,97,4 days 01:00:00,signal,-1.1072114172694048,12.154117624246163
2021-06-06 00:00:00+00:00,2021-06-07 21:00:00+00:00,long,4.738059373763356,2627.63,2657.59,141.95225883795032,37.56252924510235,104.38972959284797,0.8384806841145838,45,1 days 21:00:00,signal,-0.5187183888142544,8.369519300662587
2021-06-14 14:00:00+00:00,2021-06-16 12:00:00+00:00,long,4.911389266468464,2556.12,2460.0,-472.0827362929482,36.95417689097668,-509.03691318392487,-4.054746256044313,46,1 days 22:00:00,signal,-3.8863590128788816,3.2815360781184078
2021-06-28 00:00:00+00:00,2021-07-08 06:00:00+00:00,long,6.076783601816903,1982.27,2214.17,1409.2061172613403,38.25128666701279,1370.9548305943274,11.38116099219582,246,10 days 06:00:00,signal,-1.097226916615801,21.527339867929186
2021-07-21 11:00:00+00:00,2021-08-12 23:00:00+00:00,long,7.054145444423012,1901.68,2999.0,7740.654879074259,51.85516424486245,7688.799714829396,57.31610891422321,540,22 days 12:00:00,signal,-0.4275167220562981,72.16356064111733
2021-08-13 00:00:00+00:00,2021-08-15 17:00:00+00:00,long,6.924244724549026,3046.11,3144.93,684.2538636799327,64.302414089208,619.9514495907247,2.939271398603455,65,2 days 17:00:00,signal,-0.4041219785234307,9.351927540371152
2021-08-15 18:00:00+00:00,2021-08-16 21:00:00+00:00,long,6.877087501501082,3157.01,3163.83,46.90173676023538,65.20345464448215,-18.30171788424677,-0.08429685050095789,27,1 days 03:00:00,signal,-0.6902100405130285,5.637929559931698
2021-08-16 22:00:00+00:00,2021-08-17 00:00:00+00:00,long,6.832580461334003,3174.9,3147.18,-189.3991303881803,64.79418042448572,-254.19331081266603,-1.1717887177548978,2,0 days 02:00:00,signal,-0.9559356200195213,0.8384516047749591
2021-08-17 02:00:00+00:00,2021-08-17 06:00:00+00:00,long,6.751913907221042,3175.24,3173.51,-11.680811059489455,64.29932012770439,-75.98013118719385,-0.3544023443897017,4,0 days 04:00:00,signal,-0.2390370491679228,1.272659704463286
2021-08-17 09:00:00+00:00,2021-08-17 16:00:00+00:00,long,6.71273595134436,3182.47,3165.83,-111.6999262303693,63.92169245987911,-175.6216186902484,-0.8220800196074078,7,0 days 07:00:00,signal,-0.7085691302667341,3.3788221098706384
2021-08-19 23:00:00+00:00,2021-08-22 15:00:00+00:00,long,6.682917522940379,3170.43,3166.35,-27.266303493596258,63.5222671515272,-90.78857064512346,-0.42849613459372793,64,2 days 16:00:00,signal,-0.4952009664304202,4.375747138400787
2021-08-22 23:00:00+00:00,2021-08-24 17:00:00+00:00,long,6.562646081306732,3214.72,3167.5,-309.88814795930256,62.82637660955618,-372.71452456885874,-1.7666649039418614,42,1 days 18:00:00,signal,-2.0969166832570107,5.075714214612792
2021-08-24 20:00:00+00:00,2021-08-25 00:00:00+00:00,long,6.441409600884153,3217.45,3170.63,-301.5867975133942,61.72235976482406,-363.3091572782182,-1.7530068843338578,4,0 days 04:00:00,signal,-1.5804441405460778,0.23465788124135134
2021-08-25 02:00:00+00:00,2021-08-25 04:00:00+00:00,long,6.35629859920247,3203.46,3175.0,-180.90025813330251,60.815094544603475,-241.715352677906,-1.1870817803250249,2,0 days 02:00:00,signal,-0.9414820225631004,0.3914517428030839
2021-08-25 06:00:00+00:00,2021-08-25 08:00:00+00:00,long,6.264745072906446,3211.75,3183.38,-177.73081771835518,60.0957887371443,-237.82660645549947,-1.1819940842219938,2,0 days 02:00:00,signal,-1.1881373083210023,0.3272359305674488
2021-08-25 16:00:00+00:00,2021-08-26 04:00:00+00:00,long,6.180377346255578,3217.17,3148.84,-422.3051840696432,59.01651598505472,-481.32170005469794,-2.4207304867321255,12,0 days 12:00:00,signal,-2.376001268195338,1.0204620831351763
2021-08-27 15:00:00+00:00,2021-08-28 12:00:00+00:00,long,6.00919332893443,3228.84,3222.24,-39.66067597096942,58.148680350633484,-97.8093563216029,-0.5041011632660758,21,0 days 21:00:00,signal,-0.5738903135491413,1.8012660893695465
2021-08-28 13:00:00+00:00,2021-08-29 03:00:00+00:00,long,5.958113077613578,3240.13,3161.8550000000005,-466.3713011502006,57.21562582677895,-523.5869269769796,-2.712174434359104,14,0 days 14:00:00,stop_loss,-2.4730489208766304,1.3848209794051547
2021-08-29 21:00:00+00:00,2021-08-30 01:00:00+00:00,long,5.804176837158162,3235.99,3190.54,-263.79983724883743,55.95107485395307,-319.7509121027905,-1.7024093090522476,4,0 days 04:00:00,signal,-1.668113931130799,0.6915966983828792
2021-08-30 16:00:00+00:00,2021-08-31 01:00:00+00:00,long,5.737659873076765,3217.86,3214.33,-20.25393935196213,55.35857768850846,-75.61251704047059,-0.409535685206945,9,0 days 09:00:00,signal,-0.904016955367859,4.042748907659122
2021-08-31 03:00:00+00:00,2021-09-07 15:00:00+00:00,long,5.711197816788227,3219.55,3399.09,1025.388456026158,56.70054347716085,968.6879125489972,5.268190896243262,180,7 days 12:00:00,signal,-0.163687471851659,25.106924880806325
2021-09-15 00:00:00+00:00,2021-09-15 01:00:00+00:00,long,5.635596627039046,3434.37,3402.41,-180.11366820016812,57.794001461712014,-237.90766966188013,-1.2291969123885906,1,0 days 01:00:00,signal,-0.9629131398189439,0.4551053031560448
2021-09-15 03:00:00+00:00,2021-09-15 04:00:00+00:00,long,5.5972796024395635,3415.44,3396.19,-107.7476323469616,57.18989648754811,-164.9375288345097,-0.8627715609116248,1,0 days 01:00:00,signal,-0.5726934157824437,0.022837467500513853
2021-09-15 08:00:00+00:00,2021-09-15 09:00:00+00:00,long,5.567709210417543,3404.0,3395.34,-48.21636176221511,56.78512191414063,-105.00148367635575,-0.5540249706227924,1,0 days 01:00:00,signal,-0.40804935370152284,0.2843713278495752
2021-09-15 11:00:00+00:00,2021-09-17 21:00:00+00:00,long,5.505258526891806,3423.57,3376.06,-261.5548326126309,56.150581555814,-317.7054141684449,-1.6856510893599435,58,2 days 10:00:00,signal,-1.855081099553979,7.381476061538095
2021-09-17 22:00:00+00:00,2021-09-17 23:00:00+00:00,long,5.438315763166203,3407.38,3373.68,-183.27124121870253,55.31631823346372,-238.58755945216623,-1.287546149827735,1,0 days 01:00:00,signal,-1.1768572921129983,0.3392635984245995
2021-09-18 00:00:00+00:00,2021-09-18 21:00:00+00:00,long,5.380226463493318,3399.89,3396.04,-20.713871884448785,54.845463645072215,-75.559335529521,-0.4130690992943863,21,0 days 21:00:00,signal,-0.9120883322695672,4.178664603854831
2021-09-18 23:00:00+00:00,2021-09-19 11:00:00+00:00,long,5.329147646997997,3418.32,3408.17,-54.090848617030154,54.56905968113304,-108.6599082981632,-0.596484091600555,12,0 days 12:00:00,signal,-1.3047344894568158,1.1178005569987715
2021-09-26 21:00:00+00:00,2021-09-26 23:00:00+00:00,long,5.864882358013538,3087.57,3018.8,-403.3279597605909,53.71971252675469,-457.04767228734556,-2.5239769462716626,2,0 days 02:00:00,signal,-2.373063606655068,0.9049187548784365
2021-09-27 00:00:00+00:00,2021-09-27 17:00:00+00:00,long,5.76979227503004,3059.36,3008.76,-291.9514891165195,52.51768784993294,-344.46917696645244,-1.9514597824381539,17,0 days 17:00:00,signal,-2.493331938706145,3.451048585325034
2021-09-30 03:00:00+00:00,2021-09-30 11:00:00+00:00,long,5.786917668584759,2990.87,2951.58,-227.36799519869496,51.58270334952225,-278.9506985482172,-1.6116940890108884,8,0 days 08:00:00,signal,-1.6363131797771269,1.9241892827170703
2021-09-30 13:00:00+00:00,2021-09-30 21:00:00+00:00,long,5.660687400524099,3008.36,2972.82,-201.18083021462627,50.78638539940009,-251.96721561402634,-1.4796025076786012,8,0 days 08:00:00,signal,-1.799319230411256,1.3176614500924
2021-09-30 22:00:00+00:00,2021-10-10 22:00:00+00:00,long,5.583478890270211,3004.9,3456.01,2518.7631621897954,54.11153189540356,2464.651630294392,14.689960897201242,240,10 days 00:00:00,signal,-1.1923857699091434,22.965822489933107
2021-10-11 04:00:00+00:00,2021-10-11 20:00:00+00:00,long,5.4684296881549495,3518.15,3515.0,-17.22555351768859,57.69042939187048,-74.91598290955906,-0.3894013899350537,16,0 days 16:00:00,signal,-0.4462572658925912,3.0029987351306797
2021-10-11 22:00:00+00:00,2021-10-11 23:00:00+00:00,long,5.4474151802985915,3517.99,3511.87,-33.33818090342679,57.44184911906078,-90.78003002248758,-0.47370202871525763,1,0 days 01:00:00,signal,-0.3897111702989342,0.4448562957825475
2021-10-12 00:00:00+00:00,2021-10-12 01:00:00+00:00,long,5.38471538689035,3542.12,3502.84,-211.5116203970516,56.90265676804056,-268.41427716509213,-1.4072769979560193,1,0 days 01:00:00,signal,-1.8977335606924606,0.03020789809493607
2021-10-13 21:00:00+00:00,2021-10-27 09:00:00+00:00,long,5.26223918185014,3573.63,4046.13,2486.4080134241913,60.14549944244165,2426.2625139817496,12.902017276550733,324,13 days 12:00:00,signal,-0.16761668107778682,22.42453751507569
2021-10-28 09:00:00+00:00,2021-11-01 04:00:00+00:00,long,5.132030185612513,4136.36,4191.5,282.98014443467565,64.10824335233254,218.87190108234313,1.03105653279696,91,3 days 19:00:00,signal,-0.6832093918324178,7.8356332620951985
2021-11-01 05:00:00+00:00,2021-11-06 11:00:00+00:00,long,5.073793495370162,4226.91,4390.43,829.6667123629311,65.58390545908966,764.0828069038414,3.562744179554342,126,5 days 06:00:00,signal,-0.6709392913499368,10.384891090654879
2021-11-06 19:00:00+00:00,2021-11-10 22:00:00+00:00,long,5.000237942670206,4441.67,4552.9,556.1764663632049,67.46248528800473,488.71398107520014,2.2004819133343894,99,4 days 03:00:00,signal,-0.06641646047544914,9.598416811694687
2021-11-10 23:00:00+00:00,2021-11-12 10:00:00+00:00,long,4.891077792358069,4640.57,4617.02,-115.18488201002897,67.91938928963421,-183.1042712996632,-0.8067195409184493,35,1 days 11:00:00,signal,-1.381295832193019,3.6448108745261942
2021-11-12 19:00:00+00:00,2021-11-13 02:00:00+00:00,long,4.852066472269041,4640.2,4630.91,-45.07569752737922,67.47606298757735,-112.55176051495657,-0.49990657730270166,7,0 days 07:00:00,signal,-0.40084479117278304,1.4525235981207807
2021-11-13 07:00:00+00:00,2021-11-13 09:00:00+00:00,long,4.819973333265873,4647.78,4624.93,-110.13639066512256,67.04132239066169,-177.17771305578424,-0.7908951155175041,2,0 days 02:00:00,signal,-0.5977047106360378,0.09488400913983952
2021-11-13 15:00:00+00:00,2021-11-13 20:00:00+00:00,long,4.756254387439673,4672.85,4643.96,-137.4081892531337,66.46967765916274,-203.87786691229644,-0.9173248659811533,5,0 days 05:00:00,signal,-1.1310014231143861,0.623174294060358
2021-11-13 21:00:00+00:00,2021-11-13 23:00:00+00:00,long,4.724893860297506,4660.78,4639.62,-99.97875408389454,65.91510428746639,-165.89385837136092,-0.7533202596990172,2,0 days 02:00:00,signal,-0.5237320791798727,0.022742974351941392
2021-11-14 01:00:00+00:00,2021-11-14 03:00:00+00:00,long,4.674619966743766,4675.47,4635.64,-186.19011327540386,65.28885107782132,-251.47896435322517,-1.1506151253242973,2,0 days 02:00:00,signal,-0.8963804708403633,0.15249803763044412
2021-11-15 01:00:00+00:00,2021-11-15 08:00:00+00:00,long,4.621931847456505,4674.44,4680.24,26.80720471524857,64.85504012214662,-38.04783540689806,-0.17610708448498255,7,0 days 07:00:00,signal,-0.256501313526325,1.298979129050748
2021-11-15 09:00:00+00:00,2021-11-15 15:00:00+00:00,long,4.569559983874268,4719.7,4683.39,-165.92072301447234,64.45197568315243,-230.3726986976248,-1.0681745661800433,6,0 days 06:00:00,signal,-0.9040828866241468,1.1083331567684374
2021-11-20 20:00:00+00:00,2021-11-21 02:00:00+00:00,long,4.851087127233113,4398.38,4375.99,-108.61584077875098,63.84785003487061,-172.46369081362158,-0.808287483118792,6,0 days 06:00:00,signal,-0.6975295449688335,0.8525866341698496
2021-11-21 17:00:00+00:00,2021-11-21 19:00:00+00:00,long,4.798570547958016,4410.63,4358.74,-248.997825733543,63.12066090921988,-312.1184866427629,-1.4747112090563101,2,0 days 02:00:00,signal,-1.2456270419418658,0.3171882474839238
2021-11-21 21:00:00+00:00,2021-11-21 23:00:00+00:00,long,4.75804143697093,4382.7,4313.39,-329.77985199645275,62.06453483944281,-391.84438683589553,-1.879073059985842,2,0 days 02:00:00,signal,-1.9264380404773185,0.13142583339038616
2021-11-23 15:00:00+00:00,2021-11-24 14:00:00+00:00,long,4.748610633353711,4309.01,4220.37,-420.9168465404745,60.754056845871716,-481.67090338634625,-2.353999410537463,23,0 days 23:00:00,signal,-2.353440813551133,1.7772063652671921
2021-11-24 16:00:00+00:00,2021-11-24 17:00:00+00:00,long,4.698780962540685,4252.35,4226.01,-123.76589055332232,59.756934842349665,-183.522825395672,-0.9184930685385762,1,0 days 01:00:00,signal,-0.7842722259456592,0.3473373546391878
2021-11-24 21:00:00+00:00,2021-11-26 08:00:00+00:00,long,4.636063384170948,4270.35,4113.8175,-725.6945916827401,58.304297930259125,-783.9988896129992,-3.9600677052232305,35,1 days 11:00:00,stop_loss,-6.305103797112654,6.572060838104599
2021-11-28 22:00:00+00:00,2021-11-28 23:00:00+00:00,long,4.47203707962275,4251.93,4222.2,-132.95366237718648,56.84493536631531,-189.7985977435018,-0.9981630694766959,1,0 days 01:00:00,signal,-0.8335038441366738,0.918876839458771
2021-11-29 00:00:00+00:00,2021-12-03 17:00:00+00:00,long,4.383302084560112,4294.77,4343.8,214.91330120598118,56.79819283292768,158.11510837305352,0.8399086563424757,113,4 days 17:00:00,signal,-0.41632031517403467,11.269055153128104
2021-12-07 07:00:00+00:00,2021-12-07 08:00:00+00:00,long,4.3519477542687826,4361.99,4352.91,-39.51568560876023,56.89018422551551,-96.40586983427575,-0.5078496282659962,1,0 days 01:00:00,signal,-0.6077501323937029,0.5325550952661517
2021-12-07 09:00:00+00:00,2021-12-07 13:00:00+00:00,long,4.2849668210987195,4407.71,4359.0,-208.72073385571878,56.34759222029153,-265.06832607601035,-1.4034513386770011,4,0 days 04:00:00,signal,-1.7496613887937218,0.3922671863620719
2021-12-07 15:00:00+00:00,2021-12-07 17:00:00+00:00,long,4.232563165617973,4399.75,4357.17,-180.222539592013,55.596325554395015,-235.818865146408,-1.2663305869651666,2,0 days 02:00:00,signal,-1.7901017103244543,0.41184158190805675
2021-12-08 07:00:00+00:00,2021-12-08 10:00:00+00:00,long,4.209903633951057,4367.5,4318.22,-207.46405108110702,54.84906628722206,-262.3131173683291,-1.4266417859187122,3,0 days 03:00:00,signal,-1.1906124785346361,0.5151688609044136
2021-12-08 15:00:00+00:00,2021-12-09 10:00:00+00:00,long,4.11042433218167,4409.48,4314.29,-391.2712921803715,53.78759471453473,-445.05888689490627,-2.455519811859893,19,0 days 19:00:00,signal,-2.848635213222417,1.7807088364161006
2021-12-15 22:00:00+00:00,2021-12-15 23:00:00+00:00,long,4.353105224290408,4061.57,4000.9,-264.10289395769934,52.64517041652702,-316.7480643742264,-1.7915167041316553,1,0 days 01:00:00,signal,-1.730119141120301,0.1863811284798622
2021-12-16 10:00:00+00:00,2021-12-16 13:00:00+00:00,long,4.294224203602179,4043.61,4031.0,-54.150167207424026,52.01127854497229,-106.16144575239632,-0.6113822796956216,3,0 days 03:00:00,signal,-0.6283988811977448,0.9805594505899462
2021-12-16 14:00:00+00:00,2021-12-16 19:00:00+00:00,long,4.232805890710026,4077.24,4025.81,-217.69320695921593,51.44795665907681,-269.14116361829275,-1.5595004218539952,5,0 days 05:00:00,signal,-1.6184968262844435,0.8876102461469193
2021-12-16 22:00:00+00:00,2021-12-16 23:00:00+00:00,long,4.215320423110621,4030.4,4007.82,-95.18193515383753,50.82550939718439,-146.00744455102193,-0.8594017963477553,1,0 days 01:00:00,signal,-1.5978562921794337,0.16127431520445157
2021-12-18 11:00:00+00:00,2021-12-18 14:00:00+00:00,long,4.236540739447693,3975.8,3928.28,-201.3204159385543,50.22893539178058,-251.5493513303349,-1.4934383017254385,3,0 days 03:00:00,signal,-1.2163589717792633,0.19090497509934856
2021-12-18 15:00:00+00:00,2021-12-18 16:00:00+00:00,long,4.188916567228421,3961.04,3945.41,-65.47276594578068,49.67918908944473,-115.1519550352254,-0.6940014491143768,1,0 days 01:00:00,signal,-0.5213277321107657,0.4635146325207451
2021-12-18 20:00:00+00:00,2021-12-19 02:00:00+00:00,long,4.1787093207668775,3943.2,3904.56,-161.4653281544316,49.190261788712206,-210.6555899431438,-1.2784449178332287,6,0 days 06:00:00,signal,-1.478748224792048,1.362598904443102
2021-12-19 03:00:00+00:00,2021-12-19 11:00:00+00:00,long,4.125659793712411,3942.92,3923.25,-81.15172814232342,48.67971194926014,-129.83144009158354,-0.798120555324482,8,0 days 08:00:00,signal,-1.1494019660556187,2.2701449687033914
2021-12-19 13:00:00+00:00,2021-12-19 16:00:00+00:00,long,4.094546746745902,3941.22,3927.25,-57.20081805203943,48.32672736055159,-105.52754541259102,-0.6539270834919086,3,0 days 03:00:00,signal,-0.8258864006576605,1.4406706552793302
2021-12-19 23:00:00+00:00,2021-12-20 00:00:00+00:00,long,4.0303936181049504,3977.81,3924.14,-216.311225483693,47.77195327587662,-264.0831787595696,-1.647211028178824,1,0 days 01:00:00,signal,-1.6642323288442618,0.3303325196527762
2021-12-20 01:00:00+00:00,2021-12-20 03:00:00+00:00,long,3.994632528859535,3947.41,3927.96,-77.69560268631723,47.18881376820677,-124.884416454524,-0.7919890510486577,2,0 days 02:00:00,signal,-0.8630975753721959,0.9109770710415299
2021-12-20 21:00:00+00:00,2021-12-20 22:00:00+00:00,long,3.9808322167318932,3929.77,3911.75,-71.73459654550864,46.82366316622121,-118.55825971172985,-0.7578631828325825,1,0 days 01:00:00,signal,-0.4898505510500639,0.9786832308252169
2021-12-21 00:00:00+00:00,2021-12-23 08:00:00+00:00,long,3.9357354467916044,3944.72,3911.6,-130.3515579977375,46.380595658006726,-176.73215365574424,-1.138343912875943,56,2 days 08:00:00,signal,-1.1083169401123527,3.299346975197226
2021-12-23 11:00:00+00:00,2021-12-23 12:00:00+00:00,long,3.892026452245301,3943.68,3934.31,-36.468287857538044,45.99201820578594,-82.46030606332398,-0.5372389494076572,1,0 days 01:00:00,signal,-0.5690116845180171,0.3836518175917014
2021-12-23 13:00:00+00:00,2021-12-23 15:00:00+00:00,long,3.8706084782907477,3944.23,3940.69,-13.701954013149106,45.77915730396643,-59.481111317115534,-0.38961673127581214,2,0 days 02:00:00,signal,-0.4738567477048816,0.5392687546111663
2021-12-23 16:00:00+00:00,2021-12-28 02:00:00+00:00,long,3.849294811738484,3950.64,3982.35,122.06113848022747,45.804625872859916,76.25651260736757,0.5014507775955298,106,4 days 10:00:00,signal,-0.1280805135370433,5.046270983941836
2022-01-04 11:00:00+00:00,2022-01-04 19:00:00+00:00,long,4.015839242150096,3805.76,3771.69,-136.81964298005443,45.64473159814537,-182.4643745781998,-1.1938791463465945,8,0 days 08:00:00,signal,-1.1398511729588834,2.495427982847054
2022-01-04 20:00:00+00:00,2022-01-05 00:00:00+00:00,long,3.9614195160763552,3812.05,3785.1,-106.76025595825885,45.14324741483922,-151.9035033730981,-1.0059082383494515,4,0 days 04:00:00,signal,-0.7387101428365406,0.5367190881546691
2022-01-05 01:00:00+00:00,2022-01-05 19:00:00+00:00,long,3.923607141191995,3810.13,3747.6,-245.34315453873623,44.480345098801465,-289.8234996375377,-1.9386896247634644,18,0 days 18:00:00,signal,-2.1975628128174107,0.9939293409936045
2022-01-12 14:00:00+00:00,2022-01-13 17:00:00+00:00,long,4.349676849896922,3370.38,3259.8825,-480.62841772148494,43.25924895748454,-523.8876666789695,-3.573570153810548,27,1 days 03:00:00,stop_loss,-3.601374325743689,1.2179635530711552
2022-01-14 01:00:00+00:00,2022-01-14 11:00:00+00:00,long,4.325121031275102,3268.57,3224.54,-190.4350790070436,42.12522992907402,-232.56030893611765,-1.6450516586764306,10,0 days 10:00:00,signal,-1.5832611814952768,1.3406474390941447
2022-01-14 15:00:00+00:00,2022-01-17 16:00:00+00:00,long,4.244092000709702,3276.26,3236.65,-168.10848414811184,41.46208384851334,-209.5705679966252,-1.5071870059152854,73,3 days 01:00:00,signal,-1.686679323374829,3.5815228339631133
2022-01-20 16:00:00+00:00,2022-01-20 17:00:00+00:00,long,4.199254977225495,3261.41,3245.83,-65.4243925451729,40.98833993700124,-106.41273248217415,-0.7769909333693074,1,0 days 01:00:00,signal,-0.6874327361478638,0.3667125568389107
2022-01-28 22:00:00+00:00,2022-01-28 23:00:00+00:00,long,5.362783129696451,2533.99,2515.33,-100.069533200135,40.617612168658326,-140.68714536879332,-1.035283485728036,1,0 days 01:00:00,signal,-0.7742729845026997,0.6349669888200182
2022-01-29 00:00:00+00:00,2022-02-03 21:00:00+00:00,long,5.284406772559736,2544.99,2583.12,201.4944302377033,40.64852882164696,160.84590141605636,1.1959903575259674,141,5 days 21:00:00,signal,-2.708065650552638,10.530886172440756
2022-02-03 22:00:00+00:00,2022-02-11 19:00:00+00:00,long,5.116553585709816,2659.87,3005.5,1768.4344158288843,43.480753781809234,1724.953662047075,12.674752713478483,189,7 days 21:00:00,signal,-0.6225868181527594,23.451898025091445
2022-02-15 08:00:00+00:00,2022-02-17 14:00:00+00:00,long,5.027722300785952,3049.44,2994.15,-277.9827660104551,45.57823832971046,-323.56100434016554,-2.1104001062490148,54,2 days 06:00:00,signal,-2.081037829896637,4.812358990503185
2022-02-25 13:00:00+00:00,2022-02-25 15:00:00+00:00,long,5.5418913910809255,2708.22,2681.58,-147.63598665839515,44.804529329471954,-192.44051598786712,-1.2821964242195936,2,0 days 02:00:00,signal,-1.1874958459800133,0.954132234456595
2022-02-25 16:00:00+00:00,2022-02-25 19:00:00+00:00,long,5.421751695372367,2732.79,2674.49,-316.08812384021,43.975394261029635,-360.06351810123965,-2.4301508714537228,3,0 days 03:00:00,signal,-2.4070638431785696,0.48119321279718186
2022-02-25 21:00:00+00:00,2022-02-27 20:00:00+00:00,long,5.32793718055857,2713.43,2608.23,-560.4989913947607,42.53020526443698,-603.0291966591976,-4.171196235023562,47,1 days 23:00:00,signal,-4.180317900222219,6.065017339677103
2022-02-28 15:00:00+00:00,2022-03-04 01:00:00+00:00,long,5.024154108097588,2757.65,2734.38,-116.91206609543079,41.389207629442794,-158.3012737248736,-1.142568672601671,82,3 days 10:00:00,signal,-1.1183435171250977,10.380577665766122
2022-03-09 08:00:00+00:00,2022-03-09 19:00:00+00:00,long,4.989742912992991,2744.99,2710.35,-172.84469450607656,40.83111615445077,-213.67581066052733,-1.5600424773860697,11,0 days 11:00:00,signal,-1.5799693259356151,1.1242299607648887
2022-03-09 23:00:00+00:00,2022-03-10 01:00:00+00:00,long,4.9632228506743905,2716.67,2708.08,-42.63408428729374,40.38636473879385,-83.02044902608759,-0.6157216371513707,2,0 days 02:00:00,signal,-0.4133737259218062,0.693864179307746
2022-03-11 12:00:00+00:00,2022-03-11 14:00:00+00:00,long,5.0517948288577035,2652.63,2619.1,-169.38668061159981,39.94754752970103,-209.33422814130083,-1.562132487380456,2,0 days 02:00:00,signal,-1.56750093303627,0.9104172085816709
2022-03-14 10:00:00+00:00,2022-03-14 11:00:00+00:00,long,5.079699265579921,2596.91,2592.54,-22.198285790583704,39.54126803064558,-61.739553821229286,-0.4680244983461071,1,0 days 01:00:00,signal,-0.515997858993944,0.07932504399459361
2022-03-15 17:00:00+00:00,2022-04-01 03:00:00+00:00,long,5.045585449738003,2602.25,3225.93,3146.830733292597,44.10987030968106,3102.7208629829156,23.631001248919194,394,16 days 10:00:00,signal,-0.8081467960418975,33.80228648285137
2022-04-01 04:00:00+00:00,2022-04-06 00:00:00+00:00,long,4.992769411017202,3250.29,3407.0,782.4168944005058,49.85747080840606,732.5594235920998,4.514183811290686,116,4 days 20:00:00,signal,-0.22582600321817692,10.154478523454834
2022-04-18 23:00:00+00:00,2022-04-19 03:00:00+00:00,long,5.53278048817452,3065.26,3040.04,-139.5367239117628,50.66892707167784,-190.20565098344065,-1.1215345517182964,4,0 days 04:00:00,signal,-0.887037314942285,0.976099906696315
2022-04-19 05:00:00+00:00,2022-04-19 06:00:00+00:00,long,5.504257132235227,3046.64,3037.67,-49.37318647614889,50.23441006834517,-99.60759654449406,-0.5939810742325907,1,0 days 01:00:00,signal,-0.3393902791271608,0.03971588372764234
2022-04-19 07:00:00+00:00,2022-04-21 20:00:00+00:00,long,5.473336509555186,3045.68,3026.23,-106.45639511084738,49.85041002859984,-156.30680513944722,-0.9376515260959727,61,2 days 13:00:00,signal,-0.7860313624543647,4.410180977647027
2022-04-25 20:00:00+00:00,2022-04-25 21:00:00+00:00,long,5.48197584137841,3012.41,2999.55,-70.49820932012456,49.436129219000016,-119.93433853912458,-0.7262603696043923,1,0 days 01:00:00,signal,-0.7442546001374395,0.4395152054335272
2022-04-25 22:00:00+00:00,2022-04-26 03:00:00+00:00,long,5.450200843699244,3008.0,2998.61,-51.17738592233521,49.10584633465848,-100.28323225699368,-0.611699301861698,5,0 days 05:00:00,signal,-0.7127659574468148,1.0485372340425458
2022-04-26 04:00:00+00:00,2022-04-26 07:00:00+00:00,long,5.429547185984471,3001.0,2995.24,-31.274191791271736,48.83530202773129,-80.10949381900302,-0.4916481172942425,3,0 days 03:00:00,signal,-0.31222925691435366,0.4235254915028408
2022-04-26 08:00:00+00:00,2022-04-26 10:00:00+00:00,long,5.398881069909639,3003.23,2994.94,-44.756724069550714,48.575109700649854,-93.33183377020057,-0.5756220802269545,2,0 days 02:00:00,signal,-0.440192725831845,0.5860357015613049
2022-04-26 12:00:00+00:00,2022-04-26 13:00:00+00:00,long,5.36819008400923,3003.04,2978.33,-132.64797697586826,48.16369668418543,-180.8116736600537,-1.1215986134050842,1,0 days 01:00:00,signal,-0.9457083488731421,0.3090201928712233
2022-04-28 18:00:00+00:00,2022-04-28 20:00:00+00:00,long,5.364971168964816,2971.19,2947.84,-125.27207679532796,47.63313794735673,-172.90521474268468,-1.0847015842137295,2,0 days 02:00:00,signal,-0.9484415335269669,0.29651419128362555
2022-05-04 11:00:00+00:00,2022-05-04 14:00:00+00:00,long,5.504444847040694,2864.54,2837.09,-151.09701105126604,47.07646180984895,-198.173472861115,-1.256831637889498,3,0 days 03:00:00,signal,-1.03925935752337,0.8451618759032886
2022-05-04 17:00:00+00:00,2022-05-05 15:00:00+00:00,long,5.448071558532485,2857.86,2830.27,-150.31229429991205,46.48400891135308,-196.79630321126513,-1.2639595711476468,22,0 days 22:00:00,signal,-1.6746796554064969,3.7787015459119777
2022-05-20 02:00:00+00:00,2022-05-20 04:00:00+00:00,long,7.552714721112426,2035.47,2023.03,-93.955771130639,45.979039043452175,-139.93481017409118,-0.9102443170373455,2,0 days 02:00:00,signal,-0.9467100964396402,0.12675205235153086
2022-05-20 06:00:00+00:00,2022-05-20 07:00:00+00:00,long,7.5127849972343554,2027.69,2014.38,-99.99516831318886,45.55080428065661,-145.54597259384545,-0.955427358225367,1,0 days 01:00:00,signal,-1.3113444362797155,0.027617633859211566
2022-05-20 08:00:00+00:00,2022-05-20 15:00:00+00:00,long,7.44882776396962,2025.59,1986.73,-289.46144690785866,44.830620920895875,-334.2920678287545,-2.2155757088058246,7,0 days 07:00:00,signal,-2.21219496541748,1.8962376394038305
2022-05-22 10:00:00+00:00,2022-05-22 16:00:00+00:00,long,7.276999161382754,2027.55,2004.58,-167.15267073696205,44.01270994287937,-211.1653806798414,-1.4311950383467744,6,0 days 06:00:00,signal,-1.8026682449261422,0.5055362383171724
2022-05-22 22:00:00+00:00,2022-05-23 20:00:00+00:00,long,7.211741464918375,2016.66,1980.99,-257.242818053639,43.24502740084641,-300.4878454544854,-2.066113028472825,22,0 days 22:00:00,signal,-1.8877748356193047,3.562325825870505
2022-05-25 03:00:00+00:00,2022-05-25 06:00:00+00:00,long,7.067202239634306,2015.45,1987.56,-197.10427046340152,42.435121855917785,-239.53939231931932,-1.6817343521298025,3,0 days 03:00:00,signal,-1.4899898285742674,0.3418591381577185
2022-05-30 06:00:00+00:00,2022-05-30 11:00:00+00:00,long,7.374585774947855,1899.01,1893.2,-42.84634335244664,41.9489668824225,-84.79531023486915,-0.6054899658242952,5,0 days 05:00:00,signal,-0.40810738226759735,0.9831438486369359
2022-05-30 12:00:00+00:00,2022-05-30 13:00:00+00:00,long,7.315977097579962,1902.65,1888.1,-106.44746676978978,41.59956027397686,-148.04702704376666,-1.0635758021706665,1,0 days 01:00:00,signal,-1.5735947231492964,0.6270202086563481
2022-05-30 15:00:00+00:00,2022-06-01 17:00:00+00:00,long,7.260874523838615,1896.73,1857.28,-286.4414999654337,40.886093356853095,-327.32759332228676,-2.3767755558250276,50,2 days 02:00:00,signal,-2.3914842913857037,6.311915770826637
2022-06-06 02:00:00+00:00,2022-06-07 00:00:00+00:00,long,7.2128329166514344,1864.05,1815.8462499999998,-347.6855947060375,39.81371520279326,-387.4993099088307,-2.8820897709288977,22,0 days 22:00:00,stop_loss,-6.179018803143698,3.001528928945052
2022-06-07 20:00:00+00:00,2022-06-07 22:00:00+00:00,long,7.070045678474769,1846.97,1840.83,-43.41008046583579,39.109371679618874,-82.51945214545466,-0.6319377142021853,2,0 days 02:00:00,signal,-0.7509596799081808,1.2469070964877593
2022-06-09 10:00:00+00:00,2022-06-09 11:00:00+00:00,long,7.130834936232738,1819.67,1811.2,-60.39817190989148,38.83670196737904,-99.23487387727053,-0.7647708100919414,1,0 days 01:00:00,signal,-0.5709826507004023,0.13299114674638624
2022-06-09 17:00:00+00:00,2022-06-09 18:00:00+00:00,long,7.10664939064866,1811.92,1805.25,-47.40135143562708,38.55893846455892,-85.960289900186,-0.6675656209987236,1,0 days 01:00:00,signal,-0.7235418782286285,0.3587354850103752
2022-06-20 11:00:00+00:00,2022-06-20 12:00:00+00:00,long,11.014724324062703,1161.25,1153.04,-90.43088670055519,38.236899533902616,-128.66778623445782,-1.0059362755651269,1,0 days 01:00:00,signal,-1.3588805166846019,0.4564047362755508
2022-06-21 04:00:00+00:00,2022-06-22 02:00:00+00:00,long,11.19682157211912,1130.89,1101.69,-326.9471899058788,37.496699858222556,-364.4438897641014,-2.8781641008409347,22,0 days 22:00:00,signal,-2.605912157681123,5.580560443544447
2022-06-22 14:00:00+00:00,2022-06-22 16:00:00+00:00,long,11.06057585527173,1111.92,1075.02,-408.1352490595279,36.28322364139194,-444.4184727009198,-3.6136061946902736,2,0 days 02:00:00,signal,-3.4184113965033402,1.1763436218432899
2022-06-23 07:00:00+00:00,2022-06-23 08:00:00+00:00,long,10.778294399845416,1099.87,1091.7,-88.05866524673539,35.43207998680383,-123.49074523353922,-1.0417008373716754,1,0 days 01:00:00,signal,-0.7873657795921196,0.5718857683180811
2022-06-23 09:00:00+00:00,2022-06-23 17:00:00+00:00,long,10.68464245380499,1097.97,1090.27,-82.27174689429891,35.070843004671346,-117.34258989897026,-1.0002422652713685,8,0 days 08:00:00,signal,-1.0036704099383398,3.0583713580516703
2022-06-23 18:00:00+00:00,2022-06-28 19:00:00+00:00,long,10.619713834741239,1093.65,1162.43,730.4239175535021,35.93838598242452,694.4855315710776,5.9795985918712535,121,5 days 01:00:00,signal,-0.39683628217438427,17.03927216202623
2022-07-04 18:00:00+00:00,2022-07-05 13:00:00+00:00,long,10.931719824571708,1125.87,1093.46,-354.29703951436744,36.391640637400094,-390.6886801517675,-3.174344728965143,19,0 days 19:00:00,signal,-2.9586009041896455,4.354854468100244
2022-07-05 18:00:00+00:00,2022-07-11 02:00:00+00:00,long,10.807744582816635,1102.69,1152.52,538.5499125617522,36.56060049092086,501.9893120708314,4.212170691672177,128,5 days 08:00:00,signal,-0.2947337873745126,15.758735456021178
2022-07-14 18:00:00+00:00,2022-07-25 04:00:00+00:00,long,10.38554694836264,1195.78,1511.51,3279.0287380065365,42.17503109674904,3236.8537069097874,26.064080767365237,250,10 days 10:00:00,signal,-1.2694642827275948,39.184465369884094
2022-07-25 05:00:00+00:00,2022-07-25 14:00:00+00:00,long,10.277939418079882,1522.76,1521.77,-10.175160023899176,46.93724234479011,-57.11240236868929,-0.3649160077753559,9,0 days 09:00:00,signal,-1.0546638997609548,2.037747248417343
2022-07-27 19:00:00+00:00,2022-08-02 02:00:00+00:00,long,9.863256272106101,1581.0,1605.57,242.34020660564627,47.144934808507706,195.19527179713856,1.2517485768500909,127,5 days 07:00:00,signal,-0.09234661606578598,12.889943074003796
2022-08-02 15:00:00+00:00,2022-08-03 01:00:00+00:00,long,9.723849137851435,1623.71,1599.93,-231.23313249810684,47.0192835521151,-278.25241605022194,-1.762350419717805,10,0 days 10:00:00,signal,-1.8550110549297671,3.343577362952743
2022-08-03 04:00:00+00:00,2022-08-03 05:00:00+00:00,long,9.574909979360081,1619.95,1614.17,-55.342979680701006,46.44961179367204,-101.79259147437304,-0.6562659341337678,1,0 days 01:00:00,signal,-0.4166795271459023,0.31112071360226423
2022-08-03 06:00:00+00:00,2022-08-03 22:00:00+00:00,long,9.460541438605901,1628.79,1635.31,61.682730179710305,46.320229964630286,15.362500215080022,0.09969670737172882,16,0 days 16:00:00,signal,-0.17067884748801498,3.4528699218438152
2022-08-04 02:00:00+00:00,2022-08-04 06:00:00+00:00,long,9.353896167838396,1649.0,1649.28,2.6190909269944957,46.277652978687044,-43.65856205169254,-0.28304548211037156,4,0 days 04:00:00,signal,-0.33778047301394887,0.8362644026682853
2022-08-05 11:00:00+00:00,2022-08-05 18:00:00+00:00,long,9.215079658304285,1669.11,1663.78,-49.11637457876117,46.069270263548646,-95.18564484230983,-0.6188528617047366,7,0 days 07:00:00,signal,-0.7393161625057654,3.3484911120297722
2022-08-05 20:00:00+00:00,2022-08-10 01:00:00+00:00,long,9.09146729012418,1681.35,1672.21,-83.09601103173385,45.733171568203275,-128.82918259993713,-0.8427953727659246,101,4 days 05:00:00,signal,-1.4613257204032393,8.127397626906951
2022-08-10 02:00:00+00:00,2022-08-10 04:00:00+00:00,long,9.017641252933181,1680.85,1669.5,-102.35022822079078,45.31838155764702,-147.66860977843783,-0.9742407115447489,2,0 days 02:00:00,signal,-0.8239878632834485,0.25701282089420907
2022-08-10 05:00:00+00:00,2022-08-10 06:00:00+00:00,long,8.935501167622474,1679.8,1679.64,-1.4296801868182956,45.02742006383647,-46.45710025065476,-0.3095106560304711,1,0 days 01:00:00,signal,-0.36849624955351823,0.2500297654482786
2022-08-10 08:00:00+00:00,2022-08-16 19:00:00+00:00,long,8.875076270247527,1686.01,1870.91,1641.0016023687685,47.35190443075326,1593.6496979380152,10.650270164471152,155,6 days 11:00:00,signal,-0.10616781632374339,20.402607339221014
2022-08-16 20:00:00+00:00,2022-08-16 23:00:00+00:00,long,8.808846847617213,1879.33,1871.87,-65.71399748322473,49.56561944217253,-115.27961692539725,-0.6963545518881747,3,0 days 03:00:00,signal,-0.6773690623786188,0.40227102211960464
2022-08-17 00:00:00+00:00,2022-08-17 11:00:00+00:00,long,8.759996797328137,1876.67,1879.24,22.513191769132753,49.35263935657909,-26.839447587446333,-0.16326072244987472,11,0 days 11:00:00,signal,-0.4055054964378413,4.409938881103237
2022-08-25 07:00:00+00:00,2022-08-26 01:00:00+00:00,long,9.639915623213705,1702.59,1675.26,-263.45889398242986,48.84328348180862,-312.30217746423847,-1.9027936849153309,18,0 days 18:00:00,signal,-1.8142946922042213,1.1400278399379848
2022-08-26 02:00:00+00:00,2022-08-26 06:00:00+00:00,long,9.557979243898657,1684.56,1661.19,-223.36997492991057,47.967913582910896,-271.33788851282145,-1.6852249252030138,4,0 days 04:00:00,signal,-1.697179085339784,0.39891722467588764
2022-08-26 13:00:00+00:00,2022-08-26 15:00:00+00:00,long,9.420242452125951,1680.43,1634.34,-434.17897461848645,46.83890560955031,-481.01788022803674,-3.0386362419142805,2,0 days 02:00:00,signal,-2.9260367882030236,1.5484132037633103
2022-08-30 05:00:00+00:00,2022-08-30 07:00:00+00:00,long,9.700058510748649,1582.44,1576.95,-53.25332122401017,45.96940178741126,-99.22272301142144,-0.6464121862440289,2,0 days 02:00:00,signal,-0.6350951694851004,0.5143954905083126
2022-08-30 08:00:00+00:00,2022-08-30 13:00:00+00:00,long,9.609879442655506,1586.98,1570.88,-154.71905902675277,45.51998084517618,-200.23903987192895,-1.3129837805139264,5,0 days 05:00:00,signal,-1.502854478317306,1.2066944763009069
2022-08-31 02:00:00+00:00,2022-08-31 10:00:00+00:00,long,9.50713621800914,1583.1,1570.33,-121.40612950397656,44.97013284593484,-166.3762623499114,-1.1054352220327197,8,0 days 08:00:00,signal,-1.4591624028804207,2.3169730276040745
2022-08-31 11:00:00+00:00,2022-08-31 15:00:00+00:00,long,9.321589110019458,1596.79,1566.97,-277.96978726077964,44.23690614407275,-322.2066934048524,-2.1646954201867454,4,0 days 04:00:00,signal,-2.042848464732361,0.8272847400096373
2022-08-31 20:00:00+00:00,2022-08-31 21:00:00+00:00,long,9.2443463704392,1575.33,1570.35,-46.03684492478738,43.61963323584477,-89.65647816063215,-0.6156500542743436,1,0 days 01:00:00,signal,-0.7141360857725099,0.23042791034260102
2022-08-31 22:00:00+00:00,2022-08-31 23:00:00+00:00,long,9.16384321443311,1579.4,1568.57,-99.24442201231199,43.27125528560849,-142.5156772979205,-0.984674876535403,1,0 days 01:00:00,signal,-1.6126377105229905,0.3330378624794239
2022-09-01 12:00:00+00:00,2022-09-01 13:00:00+00:00,long,9.08185207061748,1577.99,1565.36,-114.70379165189976,42.82115955926318,-157.52495121116294,-1.0991847223366504,1,0 days 01:00:00,signal,-1.639427372797042,0.21419654116945352
2022-09-01 21:00:00+00:00,2022-09-03 08:00:00+00:00,long,8.968875317958299,1580.33,1544.07,-325.2114190291678,42.03353106514336,-367.24495009431115,-2.5910158004973636,35,1 days 11:00:00,signal,-2.91394835255927,4.40857289300336
2022-09-03 10:00:00+00:00,2022-09-07 00:00:00+00:00,long,8.898154144859975,1551.68,1559.01,65.22346988182296,41.51909867531171,23.70437120651125,0.17168262786141,86,3 days 14:00:00,signal,-1.034362755207252,8.746648793565681
2022-09-07 21:00:00+00:00,2022-09-13 13:00:00+00:00,long,8.434725439033615,1639.74,1628.68,-93.28806335571132,41.35233797916938,-134.6404013348807,-0.9734854306170457,136,5 days 16:00:00,signal,-2.724822227914181,9.102662617244196
2022-09-26 15:00:00+00:00,2022-09-26 16:00:00+00:00,long,10.297983419684908,1330.0,1325.18,-49.636280082880596,41.01449942441846,-90.65077950729906,-0.6618624060150329,1,0 days 01:00:00,signal,-1.1766917293233203,0.16090225563909488
2022-09-26 19:00:00+00:00,2022-09-26 22:00:00+00:00,long,10.22262514834075,1330.95,1317.18,-140.76554829265194,40.60626050111338,-181.37180879376533,-1.333047447312069,3,0 days 03:00:00,signal,-1.174349149104037,0.7115218452984795
2022-09-26 23:00:00+00:00,2022-09-27 18:00:00+00:00,long,10.113151367379706,1327.45,1314.31,-132.88680896737034,40.074778134433515,-172.96158710180387,-1.2883829899431318,19,0 days 19:00:00,signal,-1.4275490602282614,5.465365927153565
2022-09-27 23:00:00+00:00,2022-09-28 02:00:00+00:00,long,9.963909961899503,1330.0,1310.79,-191.40671036808982,39.46889068242689,-230.8756010505167,-1.7421943609022583,3,0 days 03:00:00,signal,-1.8045112781954864,0.784962406015044
2022-09-28 15:00:00+00:00,2022-09-29 13:00:00+00:00,long,9.821743006370086,1325.78,1319.87,-58.04650116764802,38.97734157720453,-97.02384274485254,-0.7451066541960265,22,0 days 22:00:00,signal,-1.149511985397278,2.2567846852419082
2022-09-29 15:00:00+00:00,2022-09-30 22:00:00+00:00,long,9.789725892675397,1320.22,1323.18,28.97758864231953,38.817242137047224,-9.839653494727692,-0.07613125085212799,31,1 days 07:00:00,signal,-0.5203678174849791,4.012210086197765
2022-10-01 00:00:00+00:00,2022-10-01 12:00:00+00:00,long,9.719778583669399,1328.71,1325.41,-32.075269326108575,38.69618810173294,-70.77145742784151,-0.547988650646112,12,0 days 12:00:00,signal,-0.8632432961293346,0.3747996176742818
2022-10-01 14:00:00+00:00,2022-10-01 15:00:00+00:00,long,9.686789404247843,1325.94,1322.82,-30.222782941254415,38.48697045359327,-68.7097533948477,-0.5349518077741163,1,0 days 01:00:00,signal,-0.3107229588065863,0.05807200929150991
2022-10-03 18:00:00+00:00,2022-10-03 19:00:00+00:00,long,9.635846752251972,1325.83,1317.59,-79.39937723855634,38.20738503275686,-117.60676227131319,-0.9205652308365333,1,0 days 01:00:00,signal,-0.7263374640790965,0.30697751597112966
2022-10-03 21:00:00+00:00,2022-10-03 22:00:00+00:00,long,9.563505102216292,1323.58,1318.04,-52.981818266277905,37.894719522174896,-90.8765377884528,-0.7179339367473037,1,0 days 01:00:00,signal,-0.47220417352936694,0.010577373487064001
2022-10-04 00:00:00+00:00,2022-10-04 01:00:00+00:00,long,9.4983929075986,1323.1,1321.59,-14.3425732904738,37.68045710819541,-52.023030398669206,-0.4139547275338214,1,0 days 01:00:00,signal,-0.22598443050412254,0.5502229612274423
2022-10-04 04:00:00+00:00,2022-10-05 14:00:00+00:00,long,9.417068752916931,1329.01,1323.76,-49.43961095281389,37.47197621351317,-86.91158716632705,-0.6944383413217355,34,1 days 10:00:00,signal,-0.9571034077997975,3.050390892468835
2022-10-05 16:00:00+00:00,2022-10-07 13:00:00+00:00,long,9.34235135736488,1330.35,1331.3,8.875233789497061,37.29910423549535,-28.423870445998283,-0.2286973352877028,45,1 days 21:00:00,signal,-0.43973390461156114,4.032021648438389
2022-10-07 14:00:00+00:00,2022-10-07 17:00:00+00:00,long,9.303604205885264,1332.84,1323.83,-83.82547389502615,37.07490927847381,-120.90038317349996,-0.9749861198643492,3,0 days 03:00:00,signal,-1.0383842021547962,0.759280933945572
2022-10-07 22:00:00+00:00,2022-10-08 00:00:00+00:00,long,9.20860944712702,1333.48,1331.1,-21.916490484163315,36.805614840938574,-58.72210532510189,-0.47821264660888124,2,0 days 02:00:00,signal,-0.21972583015869018,0.2144764075951544
2022-10-08 01:00:00+00:00,2022-10-08 04:00:00+00:00,long,9.164569941627594,1333.49,1331.06,-22.269904958155635,36.62918225694571,-58.899087215101346,-0.4819552452586869,3,0 days 03:00:00,signal,-0.19647691396261768,0.16198096723636368
2022-10-10 01:00:00+00:00,2022-10-10 03:00:00+00:00,long,9.122587723002326,1333.18,1324.44,-79.73141669904041,36.366557376608164,-116.09797407564858,-0.9545920280832303,2,0 days 02:00:00,signal,-0.7905909179555581,0.3615415772813879
2022-10-14 02:00:00+00:00,2022-10-14 16:00:00+00:00,long,9.06432655054216,1328.96,1310.04,-171.49705833625833,35.881136650321146,-207.37819498657947,-1.7215341319528106,14,0 days 14:00:00,signal,-1.7359438959788087,1.0654948230194972
2022-10-16 20:00:00+00:00,2022-10-16 22:00:00+00:00,long,9.050646223893102,1308.09,1293.25,-134.3115899625729,35.31571207209312,-169.62730203466603,-1.4327767967035847,2,0 days 02:00:00,signal,-1.3278902827786987,0.5550076829575978
2022-10-16 23:00:00+00:00,2022-10-17 02:00:00+00:00,long,8.919596564174602,1308.32,1296.97,-101.23742100338093,34.85720359901767,-136.0946246023986,-1.1662234774367057,3,0 days 03:00:00,signal,-0.9363152745505698,0.12305857894094885
2022-10-17 03:00:00+00:00,2022-10-18 19:00:00+00:00,long,8.87310617175784,1299.86,1293.47,-56.69914843753147,34.51633864260714,-91.2154870801386,-0.7908540150477646,40,1 days 16:00:00,signal,-0.7285399966150075,3.2211161201975758
2022-10-18 20:00:00+00:00,2022-10-19 07:00:00+00:00,long,8.796406106549748,1300.84,1294.49,-55.8571787765901,34.244364990767636,-90.10154376735773,-0.7874139017865309,11,0 days 11:00:00,signal,-0.6849420374527071,1.4728944374404307
2022-10-19 08:00:00+00:00,2022-10-19 14:00:00+00:00,long,8.734430188239173,1299.77,1293.43,-55.376287393435646,33.97518654621274,-89.35147393964839,-0.7870469390738298,6,0 days 06:00:00,signal,-0.6431907183578556,0.6401132508059071
2022-10-19 16:00:00+00:00,2022-10-19 17:00:00+00:00,long,8.63264713686746,1304.76,1298.08,-57.66608287427518,33.704098910586154,-91.37018178486133,-0.8112035929979509,1,0 days 01:00:00,signal,-0.6292344952328444,0.055182562310318595
2022-10-20 11:00:00+00:00,2022-10-20 13:00:00+00:00,long,8.600493711855774,1299.03,1292.33,-57.62330786943408,33.43046307773187,-91.05377094716596,-0.8149958045618689,2,0 days 02:00:00,signal,-0.5303957568339346,0.3795139450205154
2022-10-20 15:00:00+00:00,2022-10-20 17:00:00+00:00,long,8.484069052059597,1306.14,1290.58,-132.0121144500488,33.0461276832963,-165.0582421333451,-1.4895095472154722,2,0 days 02:00:00,signal,-1.4148559878726652,0.12326396864041911
2022-10-21 18:00:00+00:00,2022-10-21 19:00:00+00:00,long,8.406156383649177,1298.64,1296.05,-21.771945033652592,32.717054860636026,-54.488999894288625,-0.4991402544200199,1,0 days 01:00:00,signal,-0.27259286638330327,0.3819380274748818
2022-10-21 20:00:00+00:00,2022-10-21 22:00:00+00:00,long,8.334417924829545,1303.29,1299.03,-35.50462035977378,32.53323368121363,-68.03785404098741,-0.6263747899546525,2,0 days 02:00:00,signal,-0.4634425185492064,0.2823623291823063
2022-10-21 23:00:00+00:00,2022-10-22 00:00:00+00:00,long,8.294255912537388,1301.41,1299.76,-13.685522255687443,32.36215447802232,-46.047676733709764,-0.42659538500550104,1,0 days 01:00:00,signal,-0.22206683520182846,0.033809483560132136
2022-10-22 01:00:00+00:00,2022-10-22 02:00:00+00:00,long,8.255880971867498,1301.89,1298.98,-24.024613628135096,32.20870971495153,-56.233323343086624,-0.5231859066434247,1,0 days 01:00:00,signal,-0.24733272396285644,0.2143038198311631
2022-10-22 11:00:00+00:00,2022-11-02 11:00:00+00:00,long,8.196760101171417,1304.43,1548.55,2000.9930758979656,35.07778895016004,1965.9152869478055,18.386615609883233,264,11 days 00:00:00,signal,-0.382542566484978,27.493234592887305
2022-11-02 12:00:00+00:00,2022-11-02 13:00:00+00:00,long,8.133340151979679,1555.95,1553.59,-19.19468275867308,37.936419804280334,-57.131102562953416,-0.4514483113210661,1,0 days 01:00:00,signal,-0.638195314759471,0.21658793663035247
2022-11-02 15:00:00+00:00,2022-11-02 20:00:00+00:00,long,8.074518385363104,1560.22,1535.93,-196.1300515804695,37.49988014826297,-233.6299317287325,-1.8544964812654603,5,0 days 05:00:00,signal,-2.3214674853546335,3.9391880632218657
2022-11-04 07:00:00+00:00,2022-11-07 00:00:00+00:00,long,7.815005286061041,1582.18,1568.25,-108.8630236348308,36.930940655047934,-145.79396428987872,-1.1791101518158529,65,2 days 17:00:00,signal,-1.6420382004575962,6.182608805572065
2022-11-07 03:00:00+00:00,2022-11-07 04:00:00+00:00,long,7.671984342695745,1592.7,1587.5,-39.89431858201822,36.59766690996151,-76.49198549197973,-0.6259998744270764,1,0 days 01:00:00,signal,-0.5537766057637894,0.018835938971561994
2022-11-07 16:00:00+00:00,2022-11-07 17:00:00+00:00,long,7.627286116536586,1592.02,1578.19,-105.48536699170043,36.27014807925818,-141.7555150709586,-1.1674046180324322,1,0 days 01:00:00,signal,-0.8825266014246047,0.31783520307533397
2022-11-07 19:00:00+00:00,2022-11-07 22:00:00+00:00,long,7.553561034590466,1588.82,1575.4,-101.36878908420289,35.851693345307766,-137.22048242951067,-1.143385027882318,3,0 days 03:00:00,signal,-0.9667552019737902,1.2097027983031472
2022-11-24 00:00:00+00:00,2022-11-24 01:00:00+00:00,long,10.01606885741777,1184.52,1182.2,-23.237279749208586,35.55784572934168,-58.79512547855026,-0.49556613649410197,1,0 days 01:00:00,signal,-0.3309357376827804,0.4626346536994008
2022-11-24 02:00:00+00:00,2022-11-25 05:00:00+00:00,long,9.816506309646664,1202.62,1175.51,-266.1254860545201,35.01739222524003,-301.1428782797601,-2.550863531290009,27,1 days 03:00:00,signal,-2.6126290931466123,1.254760439706648
2022-11-25 07:00:00+00:00,2022-11-28 02:00:00+00:00,long,9.73303355012376,1182.04,1164.0,-175.5839252442323,34.25112904489852,-209.8350542891308,-1.8238858245067817,67,2 days 19:00:00,signal,-1.889106967615306,4.536225508443037
2022-11-28 17:00:00+00:00,2022-11-28 18:00:00+00:00,long,9.596453959932079,1177.03,1172.12,-47.11858894326729,33.81526472996167,-80.93385367322895,-0.7165259169265084,1,0 days 01:00:00,signal,-0.5038104381366759,0.6439937809571417
2022-11-28 21:00:00+00:00,2022-11-28 23:00:00+00:00,long,9.546937922767846,1174.67,1170.82,-36.755711002657506,33.588371142709136,-70.34408214536664,-0.6272599964245393,2,0 days 02:00:00,signal,-0.48013484638239623,0.04256514595588623
2022-11-29 02:00:00+00:00,2022-12-06 11:00:00+00:00,long,9.466914869160561,1177.18,1252.37,711.817329012181,34.50051453055356,677.3168144816274,6.077717511340647,177,7 days 09:00:00,signal,-0.042474387944069214,11.263358195008411
2022-12-06 12:00:00+00:00,2022-12-06 14:00:00+00:00,long,9.410603704048793,1256.09,1253.95,-20.138691926663217,35.431487581965946,-55.57017950862917,-0.47011440263037474,2,0 days 02:00:00,signal,-0.21734111409213996,0.4832456273037966
2022-12-07 00:00:00+00:00,2022-12-07 04:00:00+00:00,long,9.254295378415685,1271.31,1262.28,-83.56628726709339,35.169885341700294,-118.73617260879368,-1.0092255232791352,4,0 days 04:00:00,signal,-0.9619998269501551,0.5805035750525045
2022-12-07 05:00:00+00:00,2022-12-07 06:00:00+00:00,long,9.219124453754064,1263.3,1260.29,-27.74956460579965,34.89793542037383,-62.647500026173475,-0.537907464576901,1,0 days 01:00:00,signal,-0.383123565265564,0.021372595582991316
2022-12-08 19:00:00+00:00,2022-12-09 13:00:00+00:00,long,8.998653191102012,1287.3,1261.50125,-232.15400401394237,34.40366775269594,-266.5576717666383,-2.3010915773323957,18,0 days 18:00:00,stop_loss,-2.8975374815505273,0.7255495999378692
2022-12-10 02:00:00+00:00,2022-12-10 03:00:00+00:00,long,8.94292472801776,1265.56,1263.53,-18.15413719787581,33.92619225057365,-52.08032944844946,-0.46016269477543326,1,0 days 01:00:00,signal,-0.2512721641012572,0.04266885805492837
2022-12-10 04:00:00+00:00,2022-12-10 05:00:00+00:00,long,8.904367288041927,1265.2,1264.22,-8.72627994228125,33.78432705857852,-42.51060700085977,-0.37734192222573654,1,0 days 01:00:00,signal,-0.13831805248182283,0.09247549794497711
2022-12-10 07:00:00+00:00,2022-12-10 08:00:00+00:00,long,8.870887816244736,1265.19,1264.58,-5.411241567910418,33.661958806352175,-39.07320037426259,-0.34814178107637017,1,0 days 01:00:00,signal,-0.04900449734823731,0.11697847754092994
2022-12-10 10:00:00+00:00,2022-12-11 23:00:00+00:00,long,8.840190549790108,1265.17,1262.32,-25.194543066903016,33.5152398190335,-58.70978288593652,-0.5249282705091123,37,1 days 13:00:00,signal,-0.7366598955081294,1.5476181066576
2022-12-12 21:00:00+00:00,2022-12-15 15:00:00+00:00,long,8.783372302213014,1266.68,1269.99,29.072962320324596,33.42077552678202,-4.347813206457431,-0.03907893074810169,66,2 days 18:00:00,signal,-0.9142009031483989,6.792560078314969
2022-12-15 20:00:00+00:00,2022-12-15 21:00:00+00:00,long,8.722446316174997,1275.03,1271.32,-32.36027583300956,33.3156017657883,-65.67587759879787,-0.590537085401915,1,0 days 01:00:00,signal,-0.30509086060719337,0.03607758248824755
2022-12-16 08:00:00+00:00,2022-12-16 08:00:00+00:00,long,8.652420400526546,1277.77,1257.9525,-171.46934128743382,32.91020563361127,-204.3795469210451,-1.8486178068040322,0,0 days 00:00:00,stop_loss,-2.8604521940568284,0.11739201890794693
2022-12-22 21:00:00+00:00,2022-12-22 22:00:00+00:00,long,8.914150110415086,1217.36,1215.04,-20.68082825616243,32.52416809286048,-53.20499634902291,-0.4902904646119419,1,0 days 01:00:00,signal,-0.2883288427416697,0.10021686271932673
2022-12-22 23:00:00+00:00,2022-12-25 14:00:00+00:00,long,8.880942546058131,1215.93,1193.19125,-201.94153231917917,32.09290111160662,-234.0344334307858,-2.1672655395458604,63,2 days 15:00:00,stop_loss,-1.8709958632487034,1.320799717088983
2023-01-02 08:00:00+00:00,2023-01-24 23:00:00+00:00,long,8.70917051015517,1213.08,1562.17,3040.2843333900696,36.2551881874622,3004.0291452026077,28.433996521251707,543,22 days 15:00:00,signal,-0.6718435717347426,38.42945230322816
2023-01-25 22:00:00+00:00,2023-01-25 23:00:00+00:00,long,8.382483152711362,1618.19,1585.95,-270.2512568434144,40.28797435339288,-310.5392311968073,-2.289360952669341,1,0 days 01:00:00,signal,-2.669031448717396,1.4095996143839606
2023-01-26 00:00:00+00:00,2023-01-26 16:00:00+00:00,long,8.222572842128612,1611.95,1589.71,-182.8700200089404,39.48882384859424,-222.35884385753462,-1.6776258568814175,16,0 days 16:00:00,signal,-1.7264803498867942,1.2959459040292831
2023-01-26 19:00:00+00:00,2023-01-27 01:00:00+00:00,long,8.14038570081477,1600.95,1588.87,-98.33585926584368,38.949547674259456,-137.28540694010314,-1.0534201567819206,6,0 days 06:00:00,signal,-0.9281988819138665,0.643992629376311
2023-01-27 18:00:00+00:00,2023-01-27 21:00:00+00:00,long,8.031984441173842,1605.49,1599.12,-51.16374089027832,38.60906649004515,-89.77280738032348,-0.6961684594734392,3,0 days 03:00:00,signal,-0.8246703498620334,0.9660602059184509
2023-01-29 11:00:00+00:00,2023-01-30 10:00:00+00:00,long,7.944679933371377,1611.85,1587.8,-191.06955239758128,38.13029272321759,-229.19984512079887,-1.789836213047117,23,0 days 23:00:00,signal,-1.8767255017526407,2.987250674690589
2023-01-31 20:00:00+00:00,2023-01-31 21:00:00+00:00,long,7.873574686869593,1597.34,1586.96,-81.72770524970544,37.607735813098266,-119.3354410628037,-0.9488555974307211,1,0 days 01:00:00,signal,-0.8482852742684677,0.07950718068789886
2023-02-01 20:00:00+00:00,2023-02-05 18:00:00+00:00,long,7.701916625545128,1617.47,1618.13,5.083264972860415,37.38048215042073,-32.29721717756031,-0.2592567404650422,94,3 days 22:00:00,signal,-0.2374078035450422,6.010003276722298
2023-02-05 23:00:00+00:00,2023-02-06 03:00:00+00:00,long,7.602962919700899,1634.28,1622.62,-88.65054764371311,37.14313489976079,-125.79368254347389,-1.0123938370413934,4,0 days 04:00:00,signal,-0.7134640330910269,0.5048094573757211
2023-02-06 04:00:00+00:00,2023-02-06 05:00:00+00:00,long,7.561640824896877,1626.6,1624.69,-14.442733975551935,36.87763079636845,-51.32036477192038,-0.417246710930767,1,0 days 01:00:00,signal,-0.14939136849869694,0.184433788270022
2023-02-06 08:00:00+00:00,2023-02-07 00:00:00+00:00,long,7.489572319023745,1635.41,1614.28,-158.25466310097255,36.50818240411242,-194.76284550508495,-1.5900926984670576,16,0 days 16:00:00,signal,-1.8588610807075967,1.415547171657261
2023-02-07 04:00:00+00:00,2023-02-08 21:00:00+00:00,long,7.379458528190304,1633.46,1642.06,63.46334334243594,36.25734599738685,27.205997345049084,0.22570004775139332,41,1 days 17:00:00,signal,-0.5552630612319809,3.945612381080643
2023-02-08 22:00:00+00:00,2023-02-09 03:00:00+00:00,long,7.3102081970947115,1652.65,1632.41,-147.95861390919703,36.02170880992193,-183.98032271911896,-1.522862675097571,5,0 days 05:00:00,signal,-1.2791577163948853,0.21299125646687678
2023-02-15 12:00:00+00:00,2023-02-21 22:00:00+00:00,long,7.567139538853506,1572.26,1642.21,529.3214107428031,36.48651455018765,492.8348961926155,4.142336191215197,154,6 days 10:00:00,signal,-0.3434546449060605,10.857618968872828
2023-02-21 23:00:00+00:00,2023-02-22 02:00:00+00:00,long,7.494545299835966,1653.15,1645.07,-60.55592602267576,37.07798879823747,-97.63391482091325,-0.7880307292139342,3,0 days 03:00:00,signal,-1.1281492907479707,0.8347699845749013
2023-02-23 03:00:00+00:00,2023-02-23 06:00:00+00:00,long,7.351746339191304,1672.0,1664.83,-52.71202125200218,36.79729160550558,-89.50931285750775,-0.7281845095693823,3,0 days 03:00:00,signal,-0.6088516746411532,0.4186602870813294
2023-02-27 14:00:00+00:00,2023-02-27 16:00:00+00:00,long,7.350386789835452,1660.15,1644.27,-116.72414222258777,36.4331476741021,-153.15728989668986,-1.2551052615727558,2,0 days 02:00:00,signal,-1.4613137367105344,0.2072101918501268
2023-02-28 16:00:00+00:00,2023-02-28 17:00:00+00:00,long,7.341674372655478,1641.29,1635.58,-41.92096066786305,36.08656875228534,-78.00752942014839,-0.6473752353331852,1,0 days 01:00:00,signal,-0.44294426944658793,0.3101219162975566
2023-02-28 18:00:00+00:00,2023-02-28 20:00:00+00:00,long,7.28303516690836,1643.81,1628.01,-115.07195563715176,35.74317017969116,-150.81512581684294,-1.2597398726130122,2,0 days 02:00:00,signal,-1.298811906485542,0.12531861954847567
2023-03-01 04:00:00+00:00,2023-03-02 14:00:00+00:00,long,7.215215422311975,1638.39,1628.33,-72.58506714845971,35.355132786562464,-107.94019993502218,-0.9130963934106148,34,1 days 10:00:00,signal,-0.7446334511319042,2.4090723209980514
2023-03-02 19:00:00+00:00,2023-03-03 01:00:00+00:00,long,7.15117812906361,1637.99,1604.5875,-238.86722745604666,34.78237394969064,-273.6496014057373,-2.336178258109019,6,0 days 06:00:00,stop_loss,-5.7143206002478575,1.2216191796042608
2023-03-12 19:00:00+00:00,2023-03-12 20:00:00+00:00,long,7.467083429170325,1532.1,1512.58,-145.7574685374046,34.10231936268946,-179.85978790009406,-1.5721571698975252,1,0 days 01:00:00,signal,-1.432021408524231,0.4829971933946853
2023-03-12 21:00:00+00:00,2023-03-22 20:00:00+00:00,long,7.306941872386741,1541.1,1716.84,1284.1219646532459,35.70836730558548,1248.4135973476602,11.086437609499708,239,9 days 23:00:00,signal,-0.8935176172863546,19.483485821815584
2023-03-23 06:00:00+00:00,2023-03-24 15:00:00+00:00,long,7.150035958754189,1749.26,1763.11,99.02799802874486,37.670357700674174,61.35764032807069,0.4905757291654705,33,1 days 09:00:00,signal,-0.4533345528966559,6.168322604987253
2023-03-24 16:00:00+00:00,2023-03-24 17:00:00+00:00,long,7.112924529103479,1767.0,1762.76,-30.158800003398817,37.66037472877244,-67.81917473217126,-0.5395947934352014,1,0 days 01:00:00,signal,-0.37917374080362887,0.1703452178834164
2023-03-26 10:00:00+00:00,2023-03-26 11:00:00+00:00,long,7.042715518079538,1775.0,1771.44,-25.07206724436277,37.464852032907,-62.53691927726977,-0.5002625352112646,1,0 days 01:00:00,signal,-0.4845070422535125,0.03098591549295371
2023-03-26 12:00:00+00:00,2023-03-26 15:00:00+00:00,long,6.9966175546867735,1777.77,1763.63,-98.93217222327009,37.16673211225161,-136.0989043355217,-1.0941854120611705,3,0 days 03:00:00,signal,-1.3921935908469574,1.3066932167828282
2023-03-26 23:00:00+00:00,2023-03-27 02:00:00+00:00,long,6.926800029532956,1776.07,1763.31,-88.38596837684045,36.774866232792526,-125.16083460963299,-1.0173624913432462,3,0 days 03:00:00,signal,-0.7375835411892462,0.42960018467741445
2023-03-28 19:00:00+00:00,2023-04-02 20:00:00+00:00,long,6.851959709156825,1777.23,1781.75,30.970857885388725,36.578981348542435,-5.60812346315371,-0.046053127619948904,121,5 days 01:00:00,signal,-0.8569515481957835,3.941526983001631
2023-04-02 21:00:00+00:00,2023-04-03 02:00:00+00:00,long,6.806146731396437,1788.37,1771.89,-112.16529813341185,36.34747794288222,-148.51277607629405,-1.220127266728909,5,0 days 05:00:00,signal,-1.4314711161560467,0.4160212931328511
2023-04-03 07:00:00+00:00,2023-04-03 21:00:00+00:00,long,6.732601456683538,1785.88,1780.06,-39.18374047789929,36.01207925766914,-75.19581973556843,-0.6254009227943739,14,0 days 14:00:00,signal,-0.5532286603803227,3.0298788272448363
2023-04-03 22:00:00+00:00,2023-04-09 07:00:00+00:00,long,6.656194693620881,1795.1,1834.91,264.98311075304844,36.243079949686106,228.74003080336232,1.9143771934711256,129,5 days 09:00:00,signal,-0.08968859673554874,8.237981170965414
2023-04-09 19:00:00+00:00,2023-04-10 14:00:00+00:00,long,6.562014005275846,1855.67,1849.89,-37.92844095049421,36.47390492608495,-74.40234587657916,-0.6110105783894751,19,0 days 19:00:00,signal,-0.499550027752782,0.9872444992913509
2023-04-10 15:00:00+00:00,2023-04-12 03:00:00+00:00,long,6.519414791886402,1856.4,1864.87,55.21944328727652,36.39075402390467,18.828689263371846,0.1555750377073798,36,1 days 12:00:00,signal,-0.202003878474466,4.36166774402067
2023-04-12 13:00:00+00:00,2023-04-19 09:00:00+00:00,long,6.44014202127783,1882.17,1987.5,678.3401591011933,37.38183656321728,640.958322537976,5.287805830504147,164,6 days 20:00:00,signal,-0.20348852654118454,13.780370529760866
2023-04-26 11:00:00+00:00,2023-04-26 12:00:00+00:00,long,6.661293916377256,1915.76,1914.58,-7.860326821325587,38.27253080948469,-46.13285763081028,-0.36150196266756085,1,0 days 01:00:00,signal,-0.41236898150082135,0.22967386311438798
2023-04-26 13:00:00+00:00,2023-04-26 19:00:00+00:00,long,6.483269261215272,1961.26,1912.27625,-317.5748406740542,37.66976775274211,-355.24460842679633,-2.7938189926373913,6,0 days 06:00:00,stop_loss,-7.275934858203403,0.13664684947432004
2023-04-27 01:00:00+00:00,2023-04-27 02:00:00+00:00,long,6.438483043443723,1919.81,1891.05,-185.1707723294414,36.80423623640692,-221.97500856584833,-1.7958178153046391,1,0 days 01:00:00,signal,-1.65693480083966,0.5568259358999184
2023-04-27 03:00:00+00:00,2023-04-27 04:00:00+00:00,long,6.358105187922276,1909.22,1898.42,-68.6675360295603,36.31406345661056,-104.98159948617086,-0.8648275211866604,1,0 days 01:00:00,signal,-0.7542347136527017,0.009427933920669318
2023-04-27 05:00:00+00:00,2023-04-27 07:00:00+00:00,long,6.299010842214934,1910.49,1881.86,-180.34068041261426,35.8320806512107,-216.172761063825,-1.7963205774434892,2,0 days 02:00:00,signal,-2.0596810242398456,0.428685834524134
2023-04-27 16:00:00+00:00,2023-05-01 00:00:00+00:00,long,6.219528595074602,1900.2,1870.08,-187.33220128364775,35.17404640715681,-222.50624769080457,-1.8827186611935647,80,3 days 08:00:00,signal,-1.7913903799600006,2.041890327333973
2023-05-01 01:00:00+00:00,2023-05-01 01:00:00+00:00,long,6.150772944726768,1885.32,1851.6375,-207.17340971075868,34.47776562989067,-241.65117534064936,-2.0838868865762783,0,0 days 00:00:00,stop_loss,-3.3055396431375006,0.018564487726235868
2023-05-03 19:00:00+00:00,2023-05-03 20:00:00+00:00,long,6.023492656449969,1885.1,1868.02,-102.88125457216503,33.91033613816326,-136.7915907103283,-1.2046936502042296,1,0 days 01:00:00,signal,-0.9410641345286685,0.4280940003182909
2023-05-03 22:00:00+00:00,2023-05-04 18:00:00+00:00,long,5.9366446501396934,1889.67,1882.39,-43.218773053016804,33.590069728508894,-76.8088427815257,-0.6846745728090076,20,0 days 20:00:00,signal,-0.6710166325337275,1.5129625807680736
2023-05-05 02:00:00+00:00,2023-05-06 14:00:00+00:00,long,5.86730711187409,1898.93,1868.6625000000001,-177.58871800864858,33.158433404840224,-210.7471514134888,-1.8915330607236667,36,1 days 12:00:00,stop_loss,-2.050101899490764,6.323034551036644
2023-05-06 19:00:00+00:00,2023-05-08 00:00:00+00:00,long,5.752462289262424,1900.26,1870.41,-171.71099933448284,32.53595547037972,-204.24695480486255,-1.8684814183322231,29,1 days 05:00:00,signal,-1.7192384200056865,1.7402881710923745
2023-05-15 07:00:00+00:00,2023-05-15 08:00:00+00:00,long,5.854805369774103,1832.21,1828.73,-20.374722686813985,32.15113675563121,-52.525859442445196,-0.4896496580632143,1,0 days 01:00:00,signal,-0.28490183985460105,0.12334830614395553
2023-05-15 09:00:00+00:00,2023-05-15 10:00:00+00:00,long,5.828120636544198,1831.6,1828.65,-17.192955877804323,31.998567839866354,-49.19152371767067,-0.4608197750600468,1,0 days 01:00:00,signal,-0.32539855863724654,0.24350294824198038
2023-05-15 16:00:00+00:00,2023-05-15 23:00:00+00:00,long,5.8132056300829404,1827.85,1823.17,-27.20580234878721,31.836195029318127,-59.041997378105336,-0.5556544574226461,7,0 days 07:00:00,signal,-0.4573679459474178,1.0312662417594431
2023-05-16 08:00:00+00:00,2023-05-16 09:00:00+00:00,long,5.797350244650481,1822.68,1819.8,-16.69636870459402,31.675098478701727,-48.37146718329575,-0.45777207189414,1,0 days 01:00:00,signal,-0.2518269800513617,0.24688919612878557
2023-05-16 16:00:00+00:00,2023-05-16 20:00:00+00:00,long,5.77871405629284,1820.2,1816.79,-19.705414931959055,31.525687853394743,-51.23110278535379,-0.4870610372486584,4,0 days 04:00:00,signal,-0.3219426436655404,0.6834413800681283
2023-05-16 21:00:00+00:00,2023-05-17 08:00:00+00:00,long,5.747326521510463,1821.24,1807.74,-77.58890804039126,31.285399500046562,-108.87430754043783,-1.0401413322791064,11,0 days 11:00:00,signal,-0.9833959280490245,0.892798313237142
2023-05-17 18:00:00+00:00,2023-05-18 16:00:00+00:00,long,5.704047198984745,1816.0,1807.99,-45.689418063867755,31.007115012973088,-76.69653307684085,-0.7404176762114533,22,0 days 22:00:00,signal,-0.5996696035242333,1.0666299559471293
2023-05-18 22:00:00+00:00,2023-05-18 23:00:00+00:00,long,5.666026358935969,1814.67,1808.77,-33.42955551772273,30.795759825034427,-64.22531534275716,-0.624640292725404,1,0 days 01:00:00,signal,-0.3785812296450697,0.05841282437026862
2023-05-19 09:00:00+00:00,2023-05-19 11:00:00+00:00,long,5.650397011131795,1808.34,1807.0,-7.571531994916143,30.642159495337836,-38.21369149025398,-0.37398995764070464,2,0 days 02:00:00,signal,-0.13216541137174298,0.1952066536160313
2023-05-19 12:00:00+00:00,2023-05-21 11:00:00+00:00,long,5.631912848854785,1807.5,1810.16,14.98088817795419,30.561518755182007,-15.580630577227815,-0.1530561549100923,47,1 days 23:00:00,signal,-0.37012448132780484,1.2193637621023434
2023-05-21 13:00:00+00:00,2023-05-21 14:00:00+00:00,long,5.603743048979635,1813.81,1812.43,-7.733165407591234,30.480775790897873,-38.2139411984891,-0.3759688170205193,1,0 days 01:00:00,signal,-0.09703331660978476,0.006615907950680011
2023-05-22 10:00:00+00:00,2023-05-22 13:00:00+00:00,long,5.571371924913602,1817.5,1810.4,-39.556740666886064,30.318570309591088,-69.87531097647715,-0.690060522696006,3,0 days 03:00:00,signal,-0.44016506189821225,0.1469050894085333
2023-05-22 14:00:00+00:00,2023-05-24 08:00:00+00:00,long,5.51904561165282,1822.09,1814.07,-44.262745805455516,30.102199336901272,-74.36494514235679,-0.7394936583813084,42,1 days 18:00:00,signal,-0.7436515210554884,2.7666031864507223
2023-05-26 08:00:00+00:00,2023-05-26 09:00:00+00:00,long,5.494547395685211,1816.7,1814.36,-12.857240905904192,29.926546899865116,-42.78378780576931,-0.42861176859141,1,0 days 01:00:00,signal,-0.2020146419331792,0.10018164804315166
2023-05-26 13:00:00+00:00,2023-06-05 01:00:00+00:00,long,5.476971530474461,1814.73,1882.12,369.0931114386732,30.371313303651764,338.72179813502146,3.4079298297818337,228,9 days 12:00:00,signal,-0.14051677108991578,6.220760113074664
2023-06-05 02:00:00+00:00,2023-06-05 03:00:00+00:00,long,5.454392475477409,1884.25,1875.0,-50.45313039816603,30.756637370157677,-81.20976776832372,-0.7901751359957544,1,0 days 01:00:00,signal,-0.8199548892132147,0.14594666312857107
2023-06-06 20:00:00+00:00,2023-06-06 21:00:00+00:00,long,5.389704562988727,1891.82,1876.58,-82.13909753994824,30.46584401275008,-112.60494155269832,-1.1043651087312751,1,0 days 01:00:00,signal,-0.9340212070915732,0.19452167753803984
2023-06-06 22:00:00+00:00,2023-06-07 03:00:00+00:00,long,5.364726041928273,1879.67,1876.65,-16.201472646623287,30.22744158872402,-46.42891423534731,-0.4604255002207825,5,0 days 05:00:00,signal,-0.2957966025951442,0.964531008102476
2023-06-07 04:00:00+00:00,2023-06-07 07:00:00+00:00,long,5.346319900748735,1877.47,1876.44,-5.506709497771052,30.10440560792953,-35.611115105700584,-0.35477877143176584,3,0 days 03:00:00,signal,-0.05805685310550368,0.3350253266363845
2023-06-17 06:00:00+00:00,2023-06-17 15:00:00+00:00,long,5.685117314898676,1759.33,1724.9799999999998,-195.2837797667703,29.713066667211905,-224.9968464339822,-2.249519135125311,9,0 days 09:00:00,stop_loss,-2.3537369339464376,0.17165625550634722
2023-06-17 23:00:00+00:00,2023-06-18 00:00:00+00:00,long,5.649941976383791,1730.52,1727.75,-15.650339274582997,29.30853725800316,-44.95887653258615,-0.4598273929223576,1,0 days 01:00:00,signal,-0.18838268266185842,0.07223262372004768
2023-06-18 02:00:00+00:00,2023-06-18 03:00:00+00:00,long,5.631094605082293,1728.34,1725.08,-18.357368412568224,29.169802096624935,-47.527170509193155,-0.4883373641760297,1,0 days 01:00:00,signal,-0.18919888447874733,0.031243852482742973
2023-06-18 04:00:00+00:00,2023-06-19 00:00:00+00:00,long,5.601822004290896,1728.9,1720.95,-44.534484934112875,28.98816846225442,-73.5226533963673,-0.7591402047544707,20,0 days 20:00:00,signal,-0.9775001446006182,1.0954942448955896
2023-06-19 01:00:00+00:00,2023-06-19 16:00:00+00:00,long,5.578590971609025,1722.94,1699.98,-128.0844487081434,28.64260591280995,-156.72705462095337,-1.6306069857336896,15,0 days 15:00:00,stop_loss,-1.4475257408847697,0.6442476232486172
2023-06-19 18:00:00+00:00,2023-06-19 19:00:00+00:00,long,5.466030681456895,1729.79,1712.04,-97.0220445958599,28.219722570538178,-125.24176716639808,-1.3245969163886946,1,0 days 01:00:00,signal,-1.0735407188155799,1.2949548789159326
2023-06-19 20:00:00+00:00,2023-06-28 07:00:00+00:00,long,5.41106627611411,1724.25,1860.79,738.8269893406205,29.098333563780194,709.7286557768404,7.606927069740466,203,8 days 11:00:00,signal,-0.5527040742351774,12.305060171088877
2023-06-30 05:00:00+00:00,2023-06-30 07:00:00+00:00,long,5.318796589954783,1887.4,1874.65,-67.81465652192348,30.014368066859085,-97.82902458878257,-0.9745191798240967,2,0 days 02:00:00,signal,-0.7364628589594191,0.45353396206422314
2023-06-30 08:00:00+00:00,2023-06-30 13:00:00+00:00,long,5.265897618427243,1887.81,1847.9,-210.1619739514305,29.507799588202253,-239.66977353963276,-2.4109187365253844,5,0 days 05:00:00,stop_loss,-3.326605961405016,1.3555389578400412
2023-06-30 17:00:00+00:00,2023-07-05 13:00:00+00:00,long,5.110194035140632,1898.5,1901.38,14.717358821205577,29.127186165375278,-14.4098273441697,-0.14852883855674961,116,4 days 20:00:00,signal,-0.6715828285488556,4.090597840400312
2023-07-05 15:00:00+00:00,2023-07-05 16:00:00+00:00,long,5.0692386869376165,1911.0,1902.97,-40.70598665610892,29.000886412229193,-69.70687306833811,-0.7195685504971204,1,0 days 01:00:00,signal,-0.8372579801151248,0.024071166928307797
2023-07-05 17:00:00+00:00,2023-07-06 01:00:00+00:00,long,5.038907659899457,1908.69,1904.5,-21.113023094979,28.821468449478015,-49.93449154445701,-0.5191930067218906,8,0 days 08:00:00,signal,-0.33792810775977733,0.4877690981772709
2023-07-06 02:00:00+00:00,2023-07-06 13:00:00+00:00,long,5.013941024175043,1908.25,1901.09,-35.89981773309372,28.64970915154644,-64.54952688464016,-0.6746500720555526,11,0 days 11:00:00,signal,-0.938556268832702,2.607100746757496
2023-07-12 07:00:00+00:00,2023-07-12 11:00:00+00:00,long,5.028280632050332,1889.99,1887.06,-14.732862251907791,28.48810104192856,-43.22096329383635,-0.4547947343636773,4,0 days 04:00:00,signal,-0.18994809496346576,0.29735607066703196
2023-07-12 12:00:00+00:00,2023-07-12 16:00:00+00:00,long,5.003699194889798,1890.65,1883.77,-34.425450460842356,28.329093472763926,-62.754543933606286,-0.6633501705762626,4,0 days 04:00:00,signal,-0.6585036892074125,0.6003226403617834
2023-07-12 17:00:00+00:00,2023-07-12 20:00:00+00:00,long,4.984318341022708,1885.43,1870.04,-76.70865926833997,28.07768700024082,-104.78634626858079,-1.1150350317964655,3,0 days 03:00:00,signal,-0.9785566157322179,0.32194247466095227
2023-07-13 10:00:00+00:00,2023-07-17 16:00:00+00:00,long,4.935552259620532,1882.86,1908.81,128.07758113715303,28.07097815435307,100.00660298279996,1.0761551575794297,102,4 days 06:00:00,signal,-0.35849717982218143,7.7674388961473495
2023-07-17 22:00:00+00:00,2023-07-17 23:00:00+00:00,long,4.900256023218531,1916.8,1909.78,-34.399797282993994,28.126832539991348,-62.52662982298534,-0.6656860392320524,1,0 days 01:00:00,signal,-0.4064065108514203,0.14085976627713492
2023-07-18 00:00:00+00:00,2023-07-18 03:00:00+00:00,long,4.881921800823991,1911.21,1907.4,-18.60012206113914,27.963233111766755,-46.563355172905894,-0.4990511246801736,3,0 days 03:00:00,signal,-0.20772180974356624,0.31289078646512536
2023-07-20 12:00:00+00:00,2023-07-20 13:00:00+00:00,long,4.8316570907701095,1921.47,1916.37,-24.641451162928217,27.814690273861736,-52.456141436789956,-0.5650236537650932,1,0 days 01:00:00,signal,-0.2841574419584991,0.07962653593343028
2023-07-27 05:00:00+00:00,2023-07-27 06:00:00+00:00,long,4.909879626595113,1880.19,1878.18,-9.868858049456133,27.679716438309413,-37.54857448776554,-0.4067437333460975,1,0 days 01:00:00,signal,-0.11169083975556271,0.100521755779992
2023-07-27 10:00:00+00:00,2023-07-27 11:00:00+00:00,long,4.88005002077711,1884.0,1877.5,-31.720325135051212,27.534462229729648,-59.25478736478087,-0.6444930997876859,1,0 days 01:00:00,signal,-0.35881104033970157,0.03184713375796733
2023-07-28 15:00:00+00:00,2023-07-28 18:00:00+00:00,long,4.862324054312426,1878.7,1871.23,-36.321560685713955,27.35006226148169,-63.671622947195644,-0.6970189492734352,3,0 days 03:00:00,signal,-0.6616277212966426,0.13573215521371917
2023-07-28 19:00:00+00:00,2023-07-29 10:00:00+00:00,long,4.835819464390754,1875.85,1870.78,-24.517604684460817,27.177039419805496,-51.69464410426631,-0.5698720580003698,15,0 days 15:00:00,signal,-0.3363808406855573,0.09862195804568596
2023-07-29 13:00:00+00:00,2023-07-30 19:00:00+00:00,long,4.816982234161586,1872.47,1859.61875,-61.90424293676878,26.966107807596483,-88.87035074436527,-0.9852965935368756,30,1 days 06:00:00,stop_loss,-0.7733101197883063,0.7535501236334952
2023-07-31 01:00:00+00:00,2023-07-31 05:00:00+00:00,long,4.7683184883492515,1872.97,1863.77,-43.86853009281333,26.726949642231276,-70.5954797350446,-0.7904616731714894,4,0 days 04:00:00,signal,-0.5264366220494754,0.1238674404822282
2023-07-31 09:00:00+00:00,2023-07-31 14:00:00+00:00,long,4.741898880412584,1868.54,1864.3,-20.105651252949396,26.551124725138962,-46.65677597808836,-0.5265747589026731,5,0 days 05:00:00,signal,-0.3061213567812304,0.2499277510783937
2023-08-02 00:00:00+00:00,2023-08-02 04:00:00+00:00,long,4.704528918574787,1873.48,1863.29,-47.93914968027733,26.36961379059406,-74.30876347087138,-0.8430917330315804,4,0 days 04:00:00,signal,-0.557251745414955,0.33413754083311265
2023-08-08 13:00:00+00:00,2023-08-08 14:00:00+00:00,long,4.735419768801047,1845.59,1835.58,-47.40155188569844,26.147827785476025,-73.54937967117446,-0.8415604224123447,1,0 days 01:00:00,signal,-0.5429158155386582,0.18259743496660263
2023-08-08 16:00:00+00:00,2023-08-13 23:00:00+00:00,long,4.700747540254078,1843.58,1839.14,-20.871319078727293,25.967305472166746,-46.83862455089404,-0.540474511548174,127,5 days 07:00:00,signal,-0.491977565389079,1.7861985918701695
2023-08-14 04:00:00+00:00,2023-08-14 19:00:00+00:00,long,4.667278007352518,1846.78,1843.18,-16.802200826468642,25.83310373401575,-42.635304560484386,-0.4946414840966389,15,0 days 15:00:00,signal,-0.3763306945061107,0.5263214892948787
2023-08-15 01:00:00+00:00,2023-08-15 02:00:00+00:00,long,4.643145192495213,1847.21,1846.09,-5.200322615595188,25.722792209163856,-30.923114824759047,-0.36054103215119654,1,0 days 01:00:00,signal,-0.14075281099604764,0.008120354480523062
2023-08-29 15:00:00+00:00,2023-08-31 15:00:00+00:00,long,4.964902532652307,1721.28,1693.09125,-139.95439626730285,25.428030699810336,-165.3824269671132,-1.9352055955451777,48,2 days 00:00:00,stop_loss,-2.5428750697155555,1.4268451385015757
2023-09-07 22:00:00+00:00,2023-09-08 10:00:00+00:00,long,5.090658381434939,1646.32,1635.63,-54.41913809753862,25.060929412425597,-79.48006750996421,-0.9483529933427175,12,0 days 12:00:00,signal,-0.7410466980902863,0.7659507264687448
2023-09-08 21:00:00+00:00,2023-09-08 22:00:00+00:00,long,5.071192664923402,1636.99,1634.46,-12.830117442256068,24.885229865495493,-37.71534730775156,-0.4543201241302618,1,0 days 01:00:00,signal,-0.16554774311389187,0.04398316422213888
2023-09-08 23:00:00+00:00,2023-09-09 04:00:00+00:00,long,5.051520451329069,1635.91,1634.48,-7.223674245400891,24.78066295323311,-32.004337198634005,-0.38728200206613217,5,0 days 05:00:00,signal,-0.14609605662904146,0.18888569664590182
2023-09-09 07:00:00+00:00,2023-09-09 14:00:00+00:00,long,5.032939850170576,1635.6,1631.1,-22.648229325767595,24.661656912828334,-47.30988623859593,-0.5747157006603082,7,0 days 07:00:00,signal,-0.3582783076546803,0.030569821472248293
2023-09-09 16:00:00+00:00,2023-09-09 19:00:00+00:00,long,5.005343381916329,1635.18,1633.13,-10.260953932928246,24.538520742826435,-34.79947467575468,-0.42518040827309256,3,0 days 03:00:00,signal,-0.17490429188224965,0.14310351154001033
2023-09-09 20:00:00+00:00,2023-09-10 01:00:00+00:00,long,4.987692801466742,1634.0,1632.08,-9.576370178816507,24.435305557521744,-34.01167573633825,-0.41732680538556133,5,0 days 05:00:00,signal,-0.21970624235005953,0.1780905752754025
2023-09-14 01:00:00+00:00,2023-09-14 05:00:00+00:00,long,4.9625659936299735,1635.43,1615.76,-97.61367309470194,24.201367399244752,-121.81504049394668,-1.500937673883937,4,0 days 04:00:00,signal,-1.330536923011072,0.1571452156313491
2023-09-14 07:00:00+00:00,2023-09-15 15:00:00+00:00,long,4.935908862174913,1619.62,1614.64,-24.580826133630037,23.946018894866754,-48.526845028496794,-0.6070183129375898,32,1 days 08:00:00,signal,-0.5062915992640082,1.5231967992492157
2023-09-15 16:00:00+00:00,2023-09-18 01:00:00+00:00,long,4.906446274134692,1619.47,1612.63,-33.56009251508089,23.787187503946107,-57.347280019027,-0.7217268612570729,57,2 days 09:00:00,signal,-0.9626606235373258,2.137118933972215
2023-09-18 02:00:00+00:00,2023-09-20 20:00:00+00:00,long,4.88000764587648,1616.51,1616.16,-1.7080026760563243,23.663181474893285,-25.37118415094961,-0.321619105356596,66,2 days 18:00:00,signal,-0.7423399793382024,3.278049625427615
2023-09-27 10:00:00+00:00,2023-09-27 14:00:00+00:00,long,4.876856269853755,1612.36,1593.1987499999998,-93.4466622007358,23.449573932483098,-116.8962361332189,-1.4866151557344582,4,0 days 04:00:00,stop_loss,-1.228013594978783,1.3483341189312492
2023-09-27 16:00:00+00:00,2023-09-27 17:00:00+00:00,long,4.8366217257684525,1601.64,1598.4,-15.67065439148983,23.21607448099212,-38.88672887248195,-0.5019892110586655,1,0 days 01:00:00,signal,-0.22726705127245062,0.09240528458329678
2023-09-28 01:00:00+00:00,2023-10-04 01:00:00+00:00,long,4.8067965916535815,1603.5,1638.45,167.99754087829288,23.375091315466996,144.6224495628259,1.876337698783913,144,6 days 00:00:00,signal,-0.30869971936389184,9.198628001247267
2023-10-04 10:00:00+00:00,2023-10-04 11:00:00+00:00,long,4.753780316461315,1651.76,1646.35,-25.717951512056104,23.51773559928634,-49.23568711134244,-0.6270381290260135,1,0 days 01:00:00,signal,-0.32813483799100096,0.04237903811692423
2023-10-16 06:00:00+00:00,2023-10-16 13:00:00+00:00,long,4.922153469959749,1585.27,1566.47875,-92.49341639238109,23.2700865693807,-115.76350296176179,-1.48358785096545,7,0 days 07:00:00,stop_loss,-1.2155658026708371,3.4164527178335513
2023-10-17 20:00:00+00:00,2023-10-17 21:00:00+00:00,long,4.914746834386951,1564.14,1560.0,-20.34705189436247,23.03153576277247,-43.37858765713494,-0.564285166289469,1,0 days 01:00:00,signal,-0.27874742670094266,0.09589934404847789
2023-10-18 00:00:00+00:00,2023-10-18 21:00:00+00:00,long,4.884338436372111,1565.01,1562.19,-13.773834390569043,22.9114547373343,-36.685289127903346,-0.47992025610059597,21,0 days 21:00:00,signal,-0.37379952843751285,1.3041450214375638
2023-10-18 23:00:00+00:00,2023-10-19 01:00:00+00:00,long,4.86220641230617,1564.6,1542.2224999999999,-108.80402399138158,22.659018422095627,-131.4630424134772,-1.7280924038092838,2,0 days 02:00:00,stop_loss,-1.469385146363289,0.16106353061484668
2023-10-19 17:00:00+00:00,2023-11-01 15:00:00+00:00,long,4.779255770666279,1564.29,1786.16,1060.373477837728,24.018986245243255,1036.3544915924847,13.862156313727002,310,12 days 22:00:00,signal,-0.28319557115369376,19.257938106105655
2023-11-01 17:00:00+00:00,2023-11-02 23:00:00+00:00,long,4.73624876050696,1796.98,1795.91,-5.067786173742146,25.525231213706782,-30.59301738744893,-0.35945503010606333,30,1 days 06:00:00,signal,-0.6661175973021405,4.341728900711184
2023-11-03 00:00:00+00:00,2023-11-03 01:00:00+00:00,long,4.709264878782777,1800.79,1786.86,-65.60005976144438,25.34279121354755,-90.94285097499194,-1.0723890625780943,1,0 days 01:00:00,signal,-1.1544933057158202,0.11550486175511132
2023-11-03 14:00:00+00:00,2023-11-14 19:00:00+00:00,long,4.64079924108982,1807.79,1966.17,735.0097838038062,26.271286055855004,708.7384977479511,8.447831883128023,269,11 days 05:00:00,signal,-0.4464014072430911,18.210079710585838
2023-11-15 12:00:00+00:00,2023-11-16 16:00:00+00:00,long,4.5188993633513,2013.16,1995.67,-79.03554986501429,27.17324900217539,-106.20879886718969,-1.1674802300860345,28,1 days 04:00:00,signal,-1.6421943611039436,3.8367541576427078
2023-11-20 00:00:00+00:00,2023-11-20 01:00:00+00:00,long,4.469973560651431,2011.47,2005.88,-24.98715220404113,26.93617242582454,-51.923324629865675,-0.5774893485858561,1,0 days 01:00:00,signal,-0.7989182040994858,0.0770580719573255
2023-11-20 03:00:00+00:00,2023-11-20 04:00:00+00:00,long,4.449396831323222,2009.12,1999.51,-42.75870354901572,26.753978429920814,-69.51268197893653,-0.7776013876722097,1,0 days 01:00:00,signal,-0.6614836346261033,0.03782750657004286
2023-11-20 07:00:00+00:00,2023-11-21 15:00:00+00:00,long,4.420658861599848,2006.48,1989.71,-74.13444910902936,26.49868910420504,-100.63313821323442,-1.1345383457597376,32,1 days 08:00:00,signal,-1.1921374745823554,2.9863243092380642
2023-11-21 17:00:00+00:00,2023-11-21 18:00:00+00:00,long,4.373566127559842,2005.11,1975.81,-128.1454875375032,26.11622530278829,-154.26171284029147,-1.759074564487732,1,0 days 01:00:00,signal,-2.2253143219075233,0.6254020976405483
2023-11-22 07:00:00+00:00,2023-11-22 08:00:00+00:00,long,4.320167337527823,1994.24,1993.73,-2.2032853421391505,25.84304660556125,-28.046331947700402,-0.3255352916399225,1,0 days 01:00:00,signal,-0.1414072528883148,0.379091784338903
2023-11-22 09:00:00+00:00,2023-11-27 11:00:00+00:00,long,4.287120926638964,2003.08,2024.99,93.93081950266004,25.903234786449914,68.02758471621013,0.7921748008067617,122,5 days 02:00:00,signal,-0.05192004313356868,6.48701000459293
2023-11-28 17:00:00+00:00,2023-11-29 11:00:00+00:00,long,4.208644433160032,2056.57,2048.12,-35.56304546020342,25.91277107752148,-61.475816537724896,-0.7102619896235125,18,0 days 18:00:00,signal,-0.8645463076870863,0.9301895875170718
2023-11-29 12:00:00+00:00,2023-11-29 15:00:00+00:00,long,4.186165343032024,2052.95,2036.24,-69.95082288206432,25.677038188609686,-95.627861070674,-1.112729730387969,3,0 days 03:00:00,signal,-0.9717723276260859,0.4310869724055699
2023-12-01 02:00:00+00:00,2023-12-11 03:00:00+00:00,long,4.069151124651953,2088.52,2229.8,574.8896708908288,26.35784502691054,548.5318258639182,6.454451956409333,241,10 days 01:00:00,signal,-0.8388715454005657,15.057552716756373
2023-12-14 10:00:00+00:00,2023-12-14 13:00:00+00:00,long,3.958193506428218,2285.44,2236.3762500000003,-194.2038166510167,26.847335577017397,-221.05115222803408,-2.4435764830842115,3,0 days 03:00:00,stop_loss,-2.5045505460655426,1.5213700644077344
2023-12-14 15:00:00+00:00,2023-12-14 16:00:00+00:00,long,3.857262478130197,2288.02,2275.0,-50.221557465255096,26.40114874943648,-76.62270621469158,-0.8681973933794278,1,0 days 01:00:00,signal,-0.8837335337977703,0.08872300067308547
2023-12-14 18:00:00+00:00,2023-12-15 04:00:00+00:00,long,3.7962648021214727,2304.63,2280.45,-91.79368291529832,26.109266728366684,-117.90294964366501,-1.3476184897358923,10,0 days 10:00:00,signal,-1.3355723044480072,1.1923822913005644
2023-12-19 02:00:00+00:00,2023-12-19 14:00:00+00:00,long,3.8405361686606807,2247.41,2225.39,-84.56860643390812,25.76692526277824,-110.33553169668636,-1.278324827245584,12,0 days 12:00:00,signal,-0.9931432181933708,0.3377220889824395
2023-12-20 14:00:00+00:00,2023-12-20 17:00:00+00:00,long,3.7905200687399625,2248.0,2223.21,-93.96699250406353,25.422316854826214,-119.38930935888975,-1.40110387010676,3,0 days 03:00:00,signal,-1.556049822064054,0.8007117437722311
2023-12-20 18:00:00+00:00,2023-12-20 20:00:00+00:00,long,3.7639958519776595,2232.17,2204.51,-104.11212526570151,25.049467674828364,-129.16159294052989,-1.5372942025024912,2,0 days 02:00:00,signal,-1.7547946616969123,0.27865261158424026
2023-12-21 11:00:00+00:00,2023-12-21 15:00:00+00:00,long,3.685826136625888,2244.52,2215.59,-106.63095013258634,24.65878501533974,-131.28973514792608,-1.5869836312440895,4,0 days 04:00:00,signal,-1.3855969204996987,1.5499973268226608
2023-12-21 16:00:00+00:00,2023-12-21 20:00:00+00:00,long,3.6469343405740027,2232.51,2225.12,-26.950844776843073,24.38502588685934,-51.335870663702416,-0.6305210279013455,4,0 days 04:00:00,signal,-0.6356074552857582,0.5773770330256056
2023-12-21 21:00:00+00:00,2023-12-26 06:00:00+00:00,long,3.612630564801588,2239.52,2234.69,-17.449005627991408,24.24550169901137,-41.69450732700278,-0.5153477084375192,105,4 days 09:00:00,signal,-0.8716153461456044,4.627330856612133
2023-12-27 11:00:00+00:00,2023-12-29 22:00:00+00:00,long,3.5323998697649026,2278.6,2285.82,25.503927059703496,24.185034920328476,1.3188921393750217,0.016385938734321724,59,2 days 11:00:00,signal,-0.19705082067935642,7.3378390239621005
2023-12-30 00:00:00+00:00,2023-12-30 03:00:00+00:00,long,3.501323616914812,2299.2,2293.79,-18.94216076750862,24.12231653888034,-43.064477306388966,-0.5349462856645727,3,0 days 03:00:00,signal,-0.4271050800278231,0.4605949895615913
2023-12-30 05:00:00+00:00,2023-12-30 08:00:00+00:00,long,3.4789143799753033,2301.65,2295.69,-20.734329704652936,23.990628353453495,-44.724958058106424,-0.5585562531227612,3,0 days 03:00:00,signal,-0.36973475550149404,0.30282623335431413
2023-12-30 15:00:00+00:00,2023-12-30 20:00:00+00:00,long,3.4591811490521627,2301.87,2299.88,-6.883770486613049,23.877430278976185,-30.76120076558923,-0.3863217731670242,5,0 days 05:00:00,signal,-0.2628297862172779,0.9109984490870637
2023-12-30 22:00:00+00:00,2023-12-30 23:00:00+00:00,long,3.4464215128939744,2301.48,2287.83,-47.04365365100306,23.725045070009166,-70.76869872101223,-0.8922069711663837,1,0 days 01:00:00,signal,-1.063663381823876,0.007386551262666963
2023-12-31 01:00:00+00:00,2023-12-31 02:00:00+00:00,long,3.41638634821415,2301.03,2289.8,-38.36601869044497,23.526073408457954,-61.89209209890292,-0.787310248019366,1,0 days 01:00:00,signal,-0.49716865925260034,0.10082441341485726
2023-12-31 10:00:00+00:00,2023-12-31 16:00:00+00:00,long,3.3760894497083864,2310.19,2299.0,-37.778440942237026,23.341556596052097,-61.11999753828913,-0.7836491803704481,6,0 days 06:00:00,signal,-0.8436535523052346,0.48264428466922027
2023-12-31 17:00:00+00:00,2023-12-31 18:00:00+00:00,long,3.3583656137964044,2304.21,2298.34,-19.71360615298453,23.185568483667964,-42.89917463665249,-0.5543689594264364,1,0 days 01:00:00,signal,-0.5637506998060204,0.12759253713854335
2023-12-31 19:00:00+00:00,2023-12-31 20:00:00+00:00,long,3.3412403216014854,2303.2,2294.83,-27.96618149180407,23.044684853899916,-51.01086634570398,-0.6628623219867963,1,0 days 01:00:00,signal,-0.5236193122612032,0.0494963529003245
