timestamp,strategy %,buy & hold %,beat
2021Q1,16.185155675884012,160.6352353276663,False
2021Q2,38.85776126115512,18.563903780928115,True
2021Q3,40.4940522174317,31.855533291148163,True
2021Q4,21.317608154730895,22.516088395359613,False
2022Q1,-0.30629892565001704,-10.737086634949389,True
2022Q2,-4.818561172034874,-67.36228138875092,True
2022Q3,-8.583118093921316,24.06233368502628,False
2022Q4,-7.955400835061733,-9.978776566921542,True
2023Q1,20.73101370694306,52.28445068679824,False
2023Q2,-0.5895352340172577,6.163533752031269,False
2023Q3,-9.004442029641268,-13.595064614048058,True
2023Q4,28.178757820630285,36.566141397698225,False
2024Q1,59.59764645047443,59.750117228413544,False
2024Q2,-10.504138681686259,-5.6821267992395725,False
2024Q3,-15.967236307922317,-24.31329548363077,True
2024Q4,1.4186910556201582,28.266140963711894,False
